Date,Close
2009-07-09,4.87
2009-07-10,4.947143
2009-07-13,5.083571
2009-07-14,5.081071
2009-07-15,5.245714
2009-07-16,5.268571
2009-07-17,5.419643
2009-07-20,5.461071
2009-07-21,5.411071
2009-07-22,5.597857
2009-07-23,5.636429
2009-07-24,5.713929
2009-07-27,5.717857
2009-07-28,5.714286
2009-07-29,5.715357
2009-07-30,5.813929
2009-07-31,5.835357
2009-08-03,5.943929
2009-08-04,5.9125
2009-08-05,5.896786
2009-08-06,5.853929
2009-08-07,5.911071
2009-08-10,5.882857
2009-08-11,5.815357
2009-08-12,5.903929
2009-08-13,6.015
2009-08-14,5.956429
2009-08-17,5.699643
2009-08-18,5.857143
2009-08-19,5.878571
2009-08-20,5.940357
2009-08-21,6.043571
2009-08-24,6.037857
2009-08-25,6.05
2009-08-26,5.978929
2009-08-27,6.051786
2009-08-28,6.073214
2009-08-31,6.0075
2009-09-01,5.903571
2009-09-02,5.899286
2009-09-03,5.948214
2009-09-04,6.0825
2009-09-08,6.176071
2009-09-09,6.112143
2009-09-10,6.162857
2009-09-11,6.148571
2009-09-14,6.204286
2009-09-15,6.255714
2009-09-16,6.495357
2009-09-17,6.591071
2009-09-18,6.607857
2009-09-21,6.572143
2009-09-22,6.588571
2009-09-23,6.625
2009-09-24,6.565
2009-09-25,6.513214
2009-09-28,6.648214
2009-09-29,6.620714
2009-09-30,6.619643
2009-10-01,6.459286
2009-10-02,6.603571
2009-10-05,6.643571
2009-10-06,6.786071
2009-10-07,6.794643
2009-10-08,6.759643
2009-10-09,6.8025
2009-10-12,6.814643
2009-10-13,6.786429
2009-10-14,6.831786
2009-10-15,6.805714
2009-10-16,6.716071
2009-10-19,6.780714
2009-10-20,7.098571
2009-10-21,7.318571
2009-10-22,7.328571
2009-10-23,7.283571
2009-10-26,7.231429
2009-10-27,7.048929
2009-10-28,6.871429
2009-10-29,7.0125
2009-10-30,6.732143
2009-11-02,6.761071
2009-11-03,6.741071
2009-11-04,6.814643
2009-11-05,6.929643
2009-11-06,6.940714
2009-11-09,7.195
2009-11-10,7.249286
2009-11-11,7.258929
2009-11-12,7.213929
2009-11-13,7.301786
2009-11-16,7.379643
2009-11-17,7.392857
2009-11-18,7.355714
2009-11-19,7.161071
2009-11-20,7.14
2009-11-23,7.352857
2009-11-24,7.301429
2009-11-25,7.2925
2009-11-27,7.163929
2009-11-30,7.139643
2009-12-01,7.034643
2009-12-02,7.008214
2009-12-03,7.017143
2009-12-04,6.904286
2009-12-07,6.748214
2009-12-08,6.781071
2009-12-09,7.064286
2009-12-10,7.015357
2009-12-11,6.9525
2009-12-14,7.035
2009-12-15,6.934643
2009-12-16,6.965357
2009-12-17,6.852143
2009-12-18,6.979643
2009-12-21,7.079643
2009-12-22,7.155714
2009-12-23,7.217857
2009-12-24,7.465714
2009-12-28,7.5575
2009-12-29,7.467857
2009-12-30,7.558571
2009-12-31,7.526071
2010-01-04,7.643214
2010-01-05,7.656429
2010-01-06,7.534643
2010-01-07,7.520714
2010-01-08,7.570714
2010-01-11,7.503929
2010-01-12,7.418571
2010-01-13,7.523214
2010-01-14,7.479643
2010-01-15,7.354643
2010-01-19,7.68
2010-01-20,7.561786
2010-01-21,7.431071
2010-01-22,7.0625
2010-01-25,7.2525
2010-01-26,7.355
2010-01-27,7.424286
2010-01-28,7.1175
2010-01-29,6.859286
2010-02-01,6.954643
2010-02-02,6.995
2010-02-03,7.115357
2010-02-04,6.858929
2010-02-05,6.980714
2010-02-08,6.932857
2010-02-09,7.006786
2010-02-10,6.968571
2010-02-11,7.095357
2010-02-12,7.156429
2010-02-16,7.264286
2010-02-17,7.233929
2010-02-18,7.2475
2010-02-19,7.2025
2010-02-22,7.157857
2010-02-23,7.037857
2010-02-24,7.166429
2010-02-25,7.214286
2010-02-26,7.307857
2010-03-01,7.463929
2010-03-02,7.458929
2010-03-03,7.476071
2010-03-04,7.525357
2010-03-05,7.819643
2010-03-08,7.824286
2010-03-09,7.965
2010-03-10,8.03
2010-03-11,8.053571
2010-03-12,8.092857
2010-03-15,7.994286
2010-03-16,8.016071
2010-03-17,8.004286
2010-03-18,8.023214
2010-03-19,7.9375
2010-03-22,8.026786
2010-03-23,8.155714
2010-03-24,8.191786
2010-03-25,8.094643
2010-03-26,8.246429
2010-03-29,8.299643
2010-03-30,8.423214
2010-03-31,8.392857
2010-04-01,8.4275
2010-04-05,8.5175
2010-04-06,8.555
2010-04-07,8.592857
2010-04-08,8.569643
2010-04-09,8.635357
2010-04-12,8.653214
2010-04-13,8.658214
2010-04-14,8.774643
2010-04-15,8.89
2010-04-16,8.835714
2010-04-19,8.823929
2010-04-20,8.735357
2010-04-21,9.257857
2010-04-22,9.516786
2010-04-23,9.6725
2010-04-26,9.625
2010-04-27,9.358571
2010-04-28,9.342857
2010-04-29,9.594286
2010-04-30,9.324643
2010-05-03,9.5125
2010-05-04,9.238571
2010-05-05,9.1425
2010-05-06,8.794643
2010-05-07,8.423571
2010-05-10,9.071071
2010-05-11,9.161429
2010-05-12,9.360357
2010-05-13,9.227143
2010-05-14,9.065
2010-05-17,9.079286
2010-05-18,9.012857
2010-05-19,8.869286
2010-05-20,8.491429
2010-05-21,8.654286
2010-05-24,8.812857
2010-05-25,8.757857
2010-05-26,8.718214
2010-05-27,9.048214
2010-05-28,9.174286
2010-06-01,9.315357
2010-06-02,9.426786
2010-06-03,9.397143
2010-06-04,9.141429
2010-06-07,8.962143
2010-06-08,8.904643
2010-06-09,8.685714
2010-06-10,8.946786
2010-06-11,9.053929
2010-06-14,9.081429
2010-06-15,9.274643
2010-06-16,9.544643
2010-06-17,9.709643
2010-06-18,9.788214
2010-06-21,9.648929
2010-06-22,9.780357
2010-06-23,9.6775
2010-06-24,9.607143
2010-06-25,9.525
2010-06-28,9.582143
2010-06-29,9.148929
2010-06-30,8.983214
2010-07-01,8.874286
2010-07-02,8.819286
2010-07-06,8.879643
2010-07-07,9.238214
2010-07-08,9.2175
2010-07-09,9.272143
2010-07-12,9.188929
2010-07-13,8.992857
2010-07-14,9.026071
2010-07-15,8.980357
2010-07-16,8.925
2010-07-19,8.770714
2010-07-20,8.996071
2010-07-21,9.08
2010-07-22,9.250714
2010-07-23,9.283571
2010-07-26,9.26
2010-07-27,9.431429
2010-07-28,9.32
2010-07-29,9.218214
2010-07-30,9.1875
2010-08-02,9.351786
2010-08-03,9.354643
2010-08-04,9.392143
2010-08-05,9.346429
2010-08-06,9.288929
2010-08-09,9.348214
2010-08-10,9.264643
2010-08-11,8.935357
2010-08-12,8.9925
2010-08-13,8.896429
2010-08-16,8.844286
2010-08-17,8.998929
2010-08-18,9.038214
2010-08-19,8.924286
2010-08-20,8.915714
2010-08-23,8.778571
2010-08-24,8.568929
2010-08-25,8.674643
2010-08-26,8.581429
2010-08-27,8.629286
2010-08-30,8.660714
2010-08-31,8.682143
2010-09-01,8.940357
2010-09-02,9.006071
2010-09-03,9.241786
2010-09-07,9.2075
2010-09-08,9.39
2010-09-09,9.395357
2010-09-10,9.4075
2010-09-13,9.537143
2010-09-14,9.573571
2010-09-15,9.650714
2010-09-16,9.8775
2010-09-17,9.834643
2010-09-20,10.115357
2010-09-21,10.134643
2010-09-22,10.276786
2010-09-23,10.318571
2010-09-24,10.44
2010-09-27,10.398571
2010-09-28,10.245
2010-09-29,10.263214
2010-09-30,10.133929
2010-10-01,10.09
2010-10-04,9.951429
2010-10-05,10.319286
2010-10-06,10.328214
2010-10-07,10.329286
2010-10-08,10.5025
2010-10-11,10.548571
2010-10-12,10.662143
2010-10-13,10.719286
2010-10-14,10.796786
2010-10-15,11.240714
2010-10-18,11.357143
2010-10-19,11.053214
2010-10-20,11.090357
2010-10-21,11.054286
2010-10-22,10.981071
2010-10-25,11.03
2010-10-26,11.001786
2010-10-27,10.993929
2010-10-28,10.901429
2010-10-29,10.749286
2010-11-01,10.863571
2010-11-02,11.048571
2010-11-03,11.171429
2010-11-04,11.366786
2010-11-05,11.326071
2010-11-08,11.379286
2010-11-09,11.288571
2010-11-10,11.358214
2010-11-11,11.308929
2010-11-12,11.001071
2010-11-15,10.965714
2010-11-16,10.771071
2010-11-17,10.732143
2010-11-18,11.015357
2010-11-19,10.954643
2010-11-22,11.191429
2010-11-23,11.026071
2010-11-24,11.242857
2010-11-26,11.25
2010-11-29,11.316786
2010-11-30,11.1125
2010-12-01,11.3
2010-12-02,11.3625
2010-12-03,11.337143
2010-12-06,11.433929
2010-12-07,11.364643
2010-12-08,11.464643
2010-12-09,11.42
2010-12-10,11.448571
2010-12-13,11.488214
2010-12-14,11.438929
2010-12-15,11.441429
2010-12-16,11.473214
2010-12-17,11.450357
2010-12-20,11.5075
2010-12-21,11.578571
2010-12-22,11.612857
2010-12-23,11.557143
2010-12-27,11.595714
2010-12-28,11.623929
2010-12-29,11.6175
2010-12-30,11.559286
2010-12-31,11.52
2011-01-03,11.770357
2011-01-04,11.831786
2011-01-05,11.928571
2011-01-06,11.918929
2011-01-07,12.004286
2011-01-10,12.230357
2011-01-11,12.201429
2011-01-12,12.300714
2011-01-13,12.345714
2011-01-14,12.445714
2011-01-18,12.166071
2011-01-19,12.101429
2011-01-20,11.881429
2011-01-21,11.668571
2011-01-24,12.051786
2011-01-25,12.192857
2011-01-26,12.280357
2011-01-27,12.2575
2011-01-28,12.003571
2011-01-31,12.118571
2011-02-01,12.3225
2011-02-02,12.297143
2011-02-03,12.265714
2011-02-04,12.375
2011-02-07,12.567143
2011-02-08,12.685714
2011-02-09,12.791429
2011-02-10,12.662143
2011-02-11,12.744643
2011-02-14,12.827857
2011-02-15,12.853571
2011-02-16,12.968929
2011-02-17,12.796429
2011-02-18,12.52
2011-02-22,12.093214
2011-02-23,12.236429
2011-02-24,12.245714
2011-02-25,12.434286
2011-02-28,12.614643
2011-03-01,12.475357
2011-03-02,12.575714
2011-03-03,12.841429
2011-03-04,12.857143
2011-03-07,12.691429
2011-03-08,12.705714
2011-03-09,12.588214
2011-03-10,12.381071
2011-03-11,12.571071
2011-03-14,12.627143
2011-03-15,12.336786
2011-03-16,11.786071
2011-03-17,11.951429
2011-03-18,11.809643
2011-03-21,12.117857
2011-03-22,12.185714
2011-03-23,12.113929
2011-03-24,12.320357
2011-03-25,12.555
2011-03-28,12.515714
2011-03-29,12.534286
2011-03-30,12.451071
2011-03-31,12.446786
2011-04-01,12.305714
2011-04-04,12.185357
2011-04-05,12.103214
2011-04-06,12.072857
2011-04-07,12.074286
2011-04-08,11.966429
2011-04-11,11.814286
2011-04-12,11.871429
2011-04-13,12.004643
2011-04-14,11.872143
2011-04-15,11.695
2011-04-18,11.851786
2011-04-19,12.066429
2011-04-20,12.228929
2011-04-21,12.525
2011-04-25,12.6075
2011-04-26,12.515
2011-04-27,12.505357
2011-04-28,12.383929
2011-04-29,12.504643
2011-05-02,12.367143
2011-05-03,12.435714
2011-05-04,12.484643
2011-05-05,12.383929
2011-05-06,12.380714
2011-05-09,12.414286
2011-05-10,12.480357
2011-05-11,12.401071
2011-05-12,12.3775
2011-05-13,12.160714
2011-05-16,11.903571
2011-05-17,12.005
2011-05-18,12.138214
2011-05-19,12.161786
2011-05-20,11.972143
2011-05-23,11.942857
2011-05-24,11.863929
2011-05-25,12.027857
2011-05-26,11.964286
2011-05-27,12.050357
2011-05-31,12.4225
2011-06-01,12.339643
2011-06-02,12.360714
2011-06-03,12.265714
2011-06-06,12.072857
2011-06-07,11.858571
2011-06-08,11.865714
2011-06-09,11.838929
2011-06-10,11.639286
2011-06-13,11.664286
2011-06-14,11.872857
2011-06-15,11.669643
2011-06-16,11.612857
2011-06-17,11.437857
2011-06-20,11.261429
2011-06-21,11.617857
2011-06-22,11.521786
2011-06-23,11.829643
2011-06-24,11.655357
2011-06-27,11.858571
2011-06-28,11.973571
2011-06-29,11.93
2011-06-30,11.988214
2011-07-01,12.259286
2011-07-05,12.479643
2011-07-06,12.562857
2011-07-07,12.757143
2011-07-08,12.846786
2011-07-11,12.642857
2011-07-12,12.633929
2011-07-13,12.786429
2011-07-14,12.7775
2011-07-15,13.032857
2011-07-18,13.35
2011-07-19,13.458929
2011-07-20,13.817857
2011-07-21,13.831786
2011-07-22,14.046429
2011-07-25,14.232143
2011-07-26,14.4075
2011-07-27,14.021071
2011-07-28,13.993571
2011-07-29,13.945714
2011-08-01,14.169643
2011-08-02,13.889643
2011-08-03,14.020357
2011-08-04,13.4775
2011-08-05,13.343571
2011-08-08,12.614643
2011-08-09,13.3575
2011-08-10,12.988929
2011-08-11,13.346429
2011-08-12,13.463929
2011-08-15,13.693214
2011-08-16,13.588571
2011-08-17,13.587143
2011-08-18,13.073214
2011-08-19,12.715357
2011-08-22,12.73
2011-08-23,13.342857
2011-08-24,13.435
2011-08-25,13.347143
2011-08-26,13.699286
2011-08-29,13.9275
2011-08-30,13.928214
2011-08-31,13.743929
2011-09-01,13.608214
2011-09-02,13.358929
2011-09-06,13.562143
2011-09-07,13.711786
2011-09-08,13.719286
2011-09-09,13.481429
2011-09-12,13.569286
2011-09-13,13.736429
2011-09-14,13.903571
2011-09-15,14.034286
2011-09-16,14.303571
2011-09-19,14.701071
2011-09-20,14.766071
2011-09-21,14.719286
2011-09-22,14.350714
2011-09-23,14.439286
2011-09-26,14.398929
2011-09-27,14.259286
2011-09-28,14.178929
2011-09-29,13.948929
2011-09-30,13.618571
2011-10-03,13.378571
2011-10-04,13.303571
2011-10-05,13.508929
2011-10-06,13.4775
2011-10-07,13.207143
2011-10-10,13.886071
2011-10-11,14.296071
2011-10-12,14.363929
2011-10-13,14.586786
2011-10-14,15.071429
2011-10-17,14.999643
2011-10-18,15.08
2011-10-19,14.236429
2011-10-20,14.118214
2011-10-21,14.031071
2011-10-24,14.491786
2011-10-25,14.206071
2011-10-26,14.307143
2011-10-27,14.453214
2011-10-28,14.4625
2011-10-31,14.456429
2011-11-01,14.161071
2011-11-02,14.193214
2011-11-03,14.395357
2011-11-04,14.294286
2011-11-07,14.276071
2011-11-08,14.508214
2011-11-09,14.117143
2011-11-10,13.757857
2011-11-11,13.736429
2011-11-14,13.545
2011-11-15,13.886786
2011-11-16,13.741786
2011-11-17,13.478929
2011-11-18,13.390714
2011-11-21,13.178929
2011-11-22,13.446786
2011-11-23,13.106786
2011-11-25,12.984643
2011-11-28,13.432857
2011-11-29,13.328571
2011-11-30,13.65
2011-12-01,13.854643
2011-12-02,13.917857
2011-12-05,14.036071
2011-12-06,13.9625
2011-12-07,13.896071
2011-12-08,13.952143
2011-12-09,14.057857
2011-12-12,13.994286
2011-12-13,13.886071
2011-12-14,13.578214
2011-12-15,13.533571
2011-12-16,13.607857
2011-12-19,13.650357
2011-12-20,14.141071
2011-12-21,14.158929
2011-12-22,14.233929
2011-12-23,14.404643
2011-12-27,14.518929
2011-12-28,14.38
2011-12-29,14.468571
2011-12-30,14.464286
2012-01-03,14.686786
2012-01-04,14.765714
2012-01-05,14.929643
2012-01-06,15.085714
2012-01-09,15.061786
2012-01-10,15.115714
2012-01-11,15.091071
2012-01-12,15.049643
2012-01-13,14.993214
2012-01-17,15.167857
2012-01-18,15.325357
2012-01-19,15.276786
2012-01-20,15.010714
2012-01-23,15.264643
2012-01-24,15.014643
2012-01-25,15.952143
2012-01-26,15.879643
2012-01-27,15.974286
2012-01-30,16.178928
2012-01-31,16.302856
2012-02-01,16.2925
2012-02-02,16.254286
2012-02-03,16.417143
2012-02-06,16.570356
2012-02-07,16.743929
2012-02-08,17.024286
2012-02-09,17.613214
2012-02-10,17.622143
2012-02-13,17.950001
2012-02-14,18.195
2012-02-15,17.77393
2012-02-16,17.936071
2012-02-17,17.932858
2012-02-21,18.387501
2012-02-22,18.322857
2012-02-23,18.442499
2012-02-24,18.657499
2012-02-27,18.777143
2012-02-28,19.121786
2012-02-29,19.372856
2012-03-01,19.445356
2012-03-02,19.470715
2012-03-05,19.04143
2012-03-06,18.937857
2012-03-07,18.953215
2012-03-08,19.356787
2012-03-09,19.470358
2012-03-12,19.714287
2012-03-13,20.289286
2012-03-14,21.056429
2012-03-15,20.912857
2012-03-16,20.913214
2012-03-19,21.467857
2012-03-20,21.64143
2012-03-21,21.517857
2012-03-22,21.405001
2012-03-23,21.2875
2012-03-26,21.677856
2012-03-27,21.945715
2012-03-28,22.057858
2012-03-29,21.780714
2012-03-30,21.4125
2012-04-02,22.093929
2012-04-03,22.475714
2012-04-04,22.296785
2012-04-05,22.63143
2012-04-09,22.7225
2012-04-10,22.444286
2012-04-11,22.364286
2012-04-12,22.241785
2012-04-13,21.615356
2012-04-16,20.718929
2012-04-17,21.775
2012-04-18,21.726429
2012-04-19,20.98
2012-04-20,20.463572
2012-04-23,20.417856
2012-04-24,20.01
2012-04-25,21.785713
2012-04-26,21.703571
2012-04-27,21.535713
2012-04-30,20.856428
2012-05-01,20.790358
2012-05-02,20.927856
2012-05-03,20.779285
2012-05-04,20.1875
2012-05-07,20.338572
2012-05-08,20.292143
2012-05-09,20.327856
2012-05-10,20.375713
2012-05-11,20.239643
2012-05-14,19.936428
2012-05-15,19.756071
2012-05-16,19.502857
2012-05-17,18.932858
2012-05-18,18.942142
2012-05-21,20.045713
2012-05-22,19.891787
2012-05-23,20.377144
2012-05-24,20.190001
2012-05-25,20.081785
2012-05-29,20.438213
2012-05-30,20.684643
2012-05-31,20.633215
2012-06-01,20.035357
2012-06-04,20.153214
2012-06-05,20.10107
2012-06-06,20.409286
2012-06-07,20.418571
2012-06-08,20.725714
2012-06-11,20.39893
2012-06-12,20.577143
2012-06-13,20.434286
2012-06-14,20.411785
2012-06-15,20.504642
2012-06-18,20.920713
2012-06-19,20.97893
2012-06-20,20.919287
2012-06-21,20.631071
2012-06-22,20.789286
2012-06-25,20.384644
2012-06-26,20.429644
2012-06-27,20.517857
2012-06-28,20.323214
2012-06-29,20.857143
2012-07-02,21.161428
2012-07-03,21.407499
2012-07-05,21.783571
2012-07-06,21.638571
2012-07-09,21.924643
2012-07-10,21.721786
2012-07-11,21.586786
2012-07-12,21.389286
2012-07-13,21.606071
2012-07-16,21.675358
2012-07-17,21.67643
2012-07-18,21.652143
2012-07-19,21.940001
2012-07-20,21.582144
2012-07-23,21.565357
2012-07-24,21.46143
2012-07-25,20.534643
2012-07-26,20.531429
2012-07-27,20.898571
2012-07-30,21.251072
2012-07-31,21.812857
2012-08-01,21.671785
2012-08-02,21.706785
2012-08-03,21.989286
2012-08-06,22.233929
2012-08-07,22.175358
2012-08-08,22.137857
2012-08-09,22.168928
2012-08-10,22.203571
2012-08-13,22.5
2012-08-14,22.560356
2012-08-15,22.529642
2012-08-16,22.726429
2012-08-17,23.146786
2012-08-20,23.755358
2012-08-21,23.430714
2012-08-22,23.888214
2012-08-23,23.665358
2012-08-24,23.686428
2012-08-27,24.13143
2012-08-28,24.1
2012-08-29,24.0525
2012-08-30,23.709642
2012-08-31,23.758572
2012-09-04,24.106071
2012-09-05,23.936787
2012-09-06,24.1525
2012-09-07,24.30143
2012-09-10,23.669287
2012-09-11,23.592501
2012-09-12,23.92107
2012-09-13,24.392143
2012-09-14,24.688572
2012-09-17,24.992144
2012-09-18,25.068214
2012-09-19,25.075001
2012-09-20,24.953571
2012-09-21,25.003214
2012-09-24,24.67107
2012-09-25,24.055
2012-09-26,23.75643
2012-09-27,24.332857
2012-09-28,23.825001
2012-10-01,23.549643
2012-10-02,23.618214
2012-10-03,23.980356
2012-10-04,23.814285
2012-10-05,23.306786
2012-10-08,22.791786
2012-10-09,22.708929
2012-10-10,22.889643
2012-10-11,22.432142
2012-10-12,22.489643
2012-10-15,22.67
2012-10-16,23.206785
2012-10-17,23.021786
2012-10-18,22.594286
2012-10-19,21.780001
2012-10-22,22.643929
2012-10-23,21.905714
2012-10-24,22.029642
2012-10-25,21.769285
2012-10-26,21.571428
2012-10-31,21.261429
2012-11-01,21.305
2012-11-02,20.6
2012-11-05,20.879286
2012-11-06,20.816071
2012-11-07,19.928572
2012-11-08,19.205357
2012-11-09,19.537857
2012-11-12,19.386786
2012-11-13,19.389286
2012-11-14,19.174286
2012-11-15,18.772142
2012-11-16,18.845715
2012-11-19,20.204643
2012-11-20,20.032499
2012-11-21,20.060715
2012-11-23,20.410713
2012-11-26,21.054644
2012-11-27,20.885
2012-11-28,20.819286
2012-11-29,21.048571
2012-11-30,20.902857
2012-12-03,20.935356
2012-12-04,20.566071
2012-12-05,19.2425
2012-12-06,19.544287
2012-12-07,19.044643
2012-12-10,18.922144
2012-12-11,19.335358
2012-12-12,19.25
2012-12-13,18.9175
2012-12-14,18.206785
2012-12-17,18.529642
2012-12-18,19.067858
2012-12-19,18.796785
2012-12-20,18.633215
2012-12-21,18.547501
2012-12-24,18.577499
2012-12-26,18.321428
2012-12-27,18.395
2012-12-28,18.199642
2012-12-31,19.006071
2013-01-02,19.608213
2013-01-03,19.360714
2013-01-04,18.821428
2013-01-07,18.710714
2013-01-08,18.76107
2013-01-09,18.467857
2013-01-10,18.696787
2013-01-11,18.582144
2013-01-14,17.919643
2013-01-15,17.354286
2013-01-16,18.074642
2013-01-17,17.952856
2013-01-18,17.857143
2013-01-22,18.0275
2013-01-23,18.3575
2013-01-24,16.089287
2013-01-25,15.71
2013-01-28,16.065357
2013-01-29,16.366785
2013-01-30,16.315357
2013-01-31,16.2675
2013-02-01,16.200714
2013-02-04,15.797143
2013-02-05,16.351429
2013-02-06,16.333929
2013-02-07,16.722143
2013-02-08,16.963572
2013-02-11,17.140356
2013-02-12,16.710714
2013-02-13,16.678928
2013-02-14,16.663929
2013-02-15,16.434286
2013-02-19,16.428213
2013-02-20,16.030357
2013-02-21,15.930714
2013-02-22,16.100357
2013-02-25,15.814286
2013-02-26,16.034643
2013-02-27,15.8775
2013-02-28,15.764286
2013-03-01,15.373929
2013-03-04,15.001786
2013-03-05,15.397857
2013-03-06,15.202143
2013-03-07,15.377857
2013-03-08,15.418571
2013-03-11,15.638214
2013-03-12,15.301071
2013-03-13,15.298214
2013-03-14,15.446429
2013-03-15,15.845
2013-03-18,16.275715
2013-03-19,16.231787
2013-03-20,16.145714
2013-03-21,16.168928
2013-03-22,16.496786
2013-03-25,16.556429
2013-03-26,16.469286
2013-03-27,16.145714
2013-03-28,15.809286
2013-04-01,15.318214
2013-04-02,15.349643
2013-04-03,15.428214
2013-04-04,15.275714
2013-04-05,15.114286
2013-04-08,15.221786
2013-04-09,15.249286
2013-04-10,15.560357
2013-04-11,15.511786
2013-04-12,15.35
2013-04-15,14.994643
2013-04-16,15.222857
2013-04-17,14.385714
2013-04-18,14.001786
2013-04-19,13.9475
2013-04-22,14.238214
2013-04-23,14.504643
2013-04-24,14.480714
2013-04-25,14.585
2013-04-26,14.9
2013-04-29,15.361429
2013-04-30,15.813571
2013-05-01,15.688929
2013-05-02,15.911429
2013-05-03,16.070715
2013-05-06,16.45393
2013-05-07,16.380714
2013-05-08,16.565714
2013-05-09,16.313213
2013-05-10,16.1775
2013-05-13,16.240713
2013-05-14,15.852143
2013-05-15,15.316071
2013-05-16,15.520714
2013-05-17,15.473571
2013-05-20,15.818929
2013-05-21,15.702143
2013-05-22,15.7625
2013-05-23,15.790714
2013-05-24,15.898214
2013-05-28,15.765714
2013-05-29,15.891071
2013-05-30,16.127857
2013-05-31,16.061787
2013-06-03,16.097143
2013-06-04,16.046785
2013-06-05,15.896786
2013-06-06,15.659286
2013-06-07,15.778929
2013-06-10,15.674643
2013-06-11,15.628571
2013-06-12,15.435357
2013-06-13,15.57
2013-06-14,15.358929
2013-06-17,15.428571
2013-06-18,15.420357
2013-06-19,15.107143
2013-06-20,14.887143
2013-06-21,14.767857
2013-06-24,14.376429
2013-06-25,14.379643
2013-06-26,14.216786
2013-06-27,14.063571
2013-06-28,14.161786
2013-07-01,14.615
2013-07-02,14.946071
2013-07-03,15.028571
2013-07-05,14.907857
2013-07-08,14.823214
2013-07-09,15.083929
2013-07-10,15.026071
2013-07-11,15.260357
2013-07-12,15.2325
2013-07-15,15.265714
2013-07-16,15.364286
2013-07-17,15.368214
2013-07-18,15.42
2013-07-19,15.176786
2013-07-22,15.225357
2013-07-23,14.963929
2013-07-24,15.7325
2013-07-25,15.660714
2013-07-26,15.749643
2013-07-29,15.9925
2013-07-30,16.190001
2013-07-31,16.161785
2013-08-01,16.309999
2013-08-02,16.519285
2013-08-05,16.766071
2013-08-06,16.616072
2013-08-07,16.606428
2013-08-08,16.464643
2013-08-09,16.230356
2013-08-12,16.691429
2013-08-13,17.484644
2013-08-14,17.803572
2013-08-15,17.782499
2013-08-16,17.940357
2013-08-19,18.133572
2013-08-20,17.895357
2013-08-21,17.941429
2013-08-22,17.962856
2013-08-23,17.893572
2013-08-26,17.963215
2013-08-27,17.449642
2013-08-28,17.532143
2013-08-29,17.560715
2013-08-30,17.400715
2013-09-03,17.449286
2013-09-04,17.810356
2013-09-05,17.688213
2013-09-06,17.793571
2013-09-09,18.077499
2013-09-10,17.665714
2013-09-11,16.70393
2013-09-12,16.881786
2013-09-13,16.603571
2013-09-16,16.075714
2013-09-17,16.261429
2013-09-18,16.595715
2013-09-19,16.867857
2013-09-20,16.693214
2013-09-23,17.522858
2013-09-24,17.467857
2013-09-25,17.1975
2013-09-26,17.365
2013-09-27,17.241072
2013-09-30,17.026787
2013-10-01,17.427143
2013-10-02,17.484285
2013-10-03,17.264643
2013-10-04,17.251072
2013-10-07,17.419643
2013-10-08,17.17643
2013-10-09,17.378214
2013-10-10,17.487143
2013-10-11,17.600357
2013-10-14,17.715714
2013-10-15,17.809999
2013-10-16,17.896786
2013-10-17,18.017857
2013-10-18,18.174643
2013-10-21,18.620001
2013-10-22,18.566786
2013-10-23,18.748571
2013-10-24,18.996786
2013-10-25,18.784286
2013-10-28,18.924286
2013-10-29,18.452856
2013-10-30,18.746429
2013-10-31,18.667856
2013-11-01,18.5725
2013-11-04,18.8125
2013-11-05,18.766071
2013-11-06,18.604286
2013-11-07,18.303213
2013-11-08,18.591429
2013-11-11,18.5375
2013-11-12,18.571787
2013-11-13,18.593929
2013-11-14,18.862858
2013-11-15,18.749643
2013-11-18,18.522499
2013-11-19,18.555357
2013-11-20,18.392857
2013-11-21,18.612143
2013-11-22,18.564285
2013-11-25,18.705
2013-11-26,19.049999
2013-11-27,19.498571
2013-11-29,19.859644
2013-12-02,19.686787
2013-12-03,20.225714
2013-12-04,20.178572
2013-12-05,20.282143
2013-12-06,20.000713
2013-12-09,20.229643
2013-12-10,20.198214
2013-12-11,20.048571
2013-12-12,20.019285
2013-12-13,19.801071
2013-12-16,19.910713
2013-12-17,19.821072
2013-12-18,19.670357
2013-12-19,19.445
2013-12-20,19.607857
2013-12-23,20.360357
2013-12-24,20.27393
2013-12-26,20.139286
2013-12-27,20.003214
2013-12-30,19.804285
2013-12-31,20.036428
2014-01-02,19.754642
2014-01-03,19.320715
2014-01-06,19.426071
2014-01-07,19.287144
2014-01-08,19.409286
2014-01-09,19.161428
2014-01-10,19.033571
2014-01-13,19.133215
2014-01-14,19.513929
2014-01-15,19.905714
2014-01-16,19.794643
2014-01-17,19.309643
2014-01-21,19.609644
2014-01-22,19.696787
2014-01-23,19.863571
2014-01-24,19.502501
2014-01-27,19.660713
2014-01-28,18.089287
2014-01-29,17.883928
2014-01-30,17.849285
2014-01-31,17.878571
2014-02-03,17.911785
2014-02-04,18.17107
2014-02-05,18.306786
2014-02-06,18.303928
2014-02-07,18.559999
2014-02-10,18.8925
2014-02-11,19.14143
2014-02-12,19.139999
2014-02-13,19.44393
2014-02-14,19.428213
2014-02-18,19.499643
2014-02-19,19.191786
2014-02-20,18.969643
2014-02-21,18.758928
2014-02-24,18.84107
2014-02-25,18.645
2014-02-26,18.476786
2014-02-27,18.845358
2014-02-28,18.794287
2014-03-03,18.848572
2014-03-04,18.972857
2014-03-05,19.012857
2014-03-06,18.955357
2014-03-07,18.944286
2014-03-10,18.96143
2014-03-11,19.14607
2014-03-12,19.164642
2014-03-13,18.951786
2014-03-14,18.73893
2014-03-17,18.812143
2014-03-18,18.978571
2014-03-19,18.973572
2014-03-20,18.882143
2014-03-21,19.031071
2014-03-24,19.256786
2014-03-25,19.463928
2014-03-26,19.277857
2014-03-27,19.195
2014-03-28,19.173571
2014-03-31,19.169287
2014-04-01,19.344643
2014-04-02,19.376785
2014-04-03,19.2425
2014-04-04,18.99357
2014-04-07,18.695356
2014-04-08,18.694286
2014-04-09,18.940001
2014-04-10,18.695715
2014-04-11,18.557501
2014-04-14,18.63143
2014-04-15,18.498571
2014-04-16,18.536072
2014-04-17,18.747856
2014-04-21,18.970358
2014-04-22,18.989286
2014-04-23,18.741072
2014-04-24,20.2775
2014-04-25,20.42643
2014-04-28,21.217501
2014-04-29,21.154642
2014-04-30,21.074642
2014-05-01,21.124287
2014-05-02,21.16357
2014-05-05,21.462856
2014-05-06,21.22893
2014-05-07,21.154642
2014-05-08,20.999643
2014-05-09,20.912144
2014-05-12,21.172501
2014-05-13,21.205713
2014-05-14,21.209642
2014-05-15,21.029285
2014-05-16,21.339643
2014-05-19,21.592501
2014-05-20,21.596786
2014-05-21,21.653929
2014-05-22,21.688213
2014-05-23,21.933214
2014-05-27,22.343929
2014-05-28,22.286072
2014-05-29,22.692142
2014-05-30,22.607143
2014-06-02,22.451786
2014-06-03,22.769285
2014-06-04,23.029285
2014-06-05,23.119642
2014-06-06,23.05607
2014-06-09,23.424999
2014-06-10,23.5625
2014-06-11,23.465
2014-06-12,23.0725
2014-06-13,22.82
2014-06-16,23.049999
2014-06-17,23.02
2014-06-18,23.045
2014-06-19,22.965
2014-06-20,22.727501
2014-06-23,22.7075
2014-06-24,22.57
2014-06-25,22.59
2014-06-26,22.725
2014-06-27,22.995001
2014-06-30,23.2325
2014-07-01,23.379999
2014-07-02,23.370001
2014-07-03,23.5075
2014-07-07,23.9925
2014-07-08,23.8375
2014-07-09,23.8475
2014-07-10,23.76
2014-07-11,23.805
2014-07-14,24.112499
2014-07-15,23.83
2014-07-16,23.695
2014-07-17,23.272499
2014-07-18,23.6075
2014-07-21,23.485001
2014-07-22,23.68
2014-07-23,24.297501
2014-07-24,24.2575
2014-07-25,24.4175
2014-07-28,24.754999
2014-07-29,24.594999
2014-07-30,24.5375
2014-07-31,23.9
2014-08-01,24.032499
2014-08-04,23.897499
2014-08-05,23.780001
2014-08-06,23.74
2014-08-07,23.620001
2014-08-08,23.684999
2014-08-11,23.997499
2014-08-12,23.9925
2014-08-13,24.309999
2014-08-14,24.375
2014-08-15,24.495001
2014-08-18,24.790001
2014-08-19,25.1325
2014-08-20,25.1425
2014-08-21,25.145
2014-08-22,25.33
2014-08-25,25.385
2014-08-26,25.2225
2014-08-27,25.532499
2014-08-28,25.5625
2014-08-29,25.625
2014-09-02,25.825001
2014-09-03,24.735001
2014-09-04,24.530001
2014-09-05,24.7425
2014-09-08,24.59
2014-09-09,24.497499
2014-09-10,25.25
2014-09-11,25.3575
2014-09-12,25.415001
2014-09-15,25.407499
2014-09-16,25.215
2014-09-17,25.395
2014-09-18,25.4475
2014-09-19,25.24
2014-09-22,25.264999
2014-09-23,25.66
2014-09-24,25.4375
2014-09-25,24.467501
2014-09-26,25.1875
2014-09-29,25.0275
2014-09-30,25.1875
2014-10-01,24.795
2014-10-02,24.975
2014-10-03,24.905001
2014-10-06,24.905001
2014-10-07,24.6875
2014-10-08,25.200001
2014-10-09,25.254999
2014-10-10,25.182501
2014-10-13,24.952499
2014-10-14,24.6875
2014-10-15,24.385
2014-10-16,24.065001
2014-10-17,24.4175
2014-10-20,24.940001
2014-10-21,25.6175
2014-10-22,25.747499
2014-10-23,26.2075
2014-10-24,26.305
2014-10-27,26.2775
2014-10-28,26.684999
2014-10-29,26.834999
2014-10-30,26.745001
2014-10-31,27
2014-11-03,27.35
2014-11-04,27.15
2014-11-05,27.215
2014-11-06,27.174999
2014-11-07,27.252501
2014-11-10,27.2075
2014-11-11,27.424999
2014-11-12,27.8125
2014-11-13,28.205
2014-11-14,28.545
2014-11-17,28.497499
2014-11-18,28.8675
2014-11-19,28.6675
2014-11-20,29.077499
2014-11-21,29.1175
2014-11-24,29.657499
2014-11-25,29.4
2014-11-26,29.75
2014-11-28,29.7325
2014-12-01,28.7675
2014-12-02,28.657499
2014-12-03,28.9825
2014-12-04,28.872499
2014-12-05,28.75
2014-12-08,28.1
2014-12-09,28.530001
2014-12-10,27.987499
2014-12-11,27.905001
2014-12-12,27.432501
2014-12-15,27.057501
2014-12-16,26.6875
2014-12-17,27.352501
2014-12-18,28.1625
2014-12-19,27.945
2014-12-22,28.235001
2014-12-23,28.135
2014-12-24,28.002501
2014-12-26,28.497499
2014-12-29,28.477501
2014-12-30,28.129999
2014-12-31,27.594999
2015-01-02,27.3325
2015-01-05,26.5625
2015-01-06,26.565001
2015-01-07,26.9375
2015-01-08,27.9725
2015-01-09,28.002501
2015-01-12,27.3125
2015-01-13,27.555
2015-01-14,27.450001
2015-01-15,26.705
2015-01-16,26.497499
2015-01-20,27.18
2015-01-21,27.387501
2015-01-22,28.1
2015-01-23,28.245001
2015-01-26,28.275
2015-01-27,27.285
2015-01-28,28.827499
2015-01-29,29.725
2015-01-30,29.290001
2015-02-02,29.657499
2015-02-03,29.6625
2015-02-04,29.889999
2015-02-05,29.985001
2015-02-06,29.7325
2015-02-09,29.93
2015-02-10,30.504999
2015-02-11,31.219999
2015-02-12,31.615
2015-02-13,31.77
2015-02-17,31.9575
2015-02-18,32.18
2015-02-19,32.112499
2015-02-20,32.375
2015-02-23,33.25
2015-02-24,33.0425
2015-02-25,32.197498
2015-02-26,32.605
2015-02-27,32.115002
2015-03-02,32.272499
2015-03-03,32.34
2015-03-04,32.134998
2015-03-05,31.602501
2015-03-06,31.65
2015-03-09,31.785
2015-03-10,31.127501
2015-03-11,30.559999
2015-03-12,31.112499
2015-03-13,30.897499
2015-03-16,31.237499
2015-03-17,31.76
2015-03-18,32.1175
2015-03-19,31.875
2015-03-20,31.475
2015-03-23,31.8025
2015-03-24,31.672501
2015-03-25,30.844999
2015-03-26,31.059999
2015-03-27,30.8125
2015-03-30,31.592501
2015-03-31,31.1075
2015-04-01,31.0625
2015-04-02,31.33
2015-04-06,31.8375
2015-04-07,31.502501
2015-04-08,31.4
2015-04-09,31.639999
2015-04-10,31.775
2015-04-13,31.7125
2015-04-14,31.575001
2015-04-15,31.695
2015-04-16,31.5425
2015-04-17,31.1875
2015-04-20,31.9
2015-04-21,31.727501
2015-04-22,32.154999
2015-04-23,32.4175
2015-04-24,32.57
2015-04-27,33.162498
2015-04-28,32.639999
2015-04-29,32.16
2015-04-30,31.2875
2015-05-01,32.237499
2015-05-04,32.174999
2015-05-05,31.450001
2015-05-06,31.252501
2015-05-07,31.315001
2015-05-08,31.905001
2015-05-11,31.58
2015-05-12,31.467501
2015-05-13,31.502501
2015-05-14,32.237499
2015-05-15,32.192501
2015-05-18,32.547501
2015-05-19,32.517502
2015-05-20,32.514999
2015-05-21,32.8475
2015-05-22,33.134998
2015-05-26,32.404999
2015-05-27,33.009998
2015-05-28,32.945
2015-05-29,32.57
2015-06-01,32.634998
2015-06-02,32.490002
2015-06-03,32.529999
2015-06-04,32.34
2015-06-05,32.162498
2015-06-08,31.950001
2015-06-09,31.855
2015-06-10,32.220001
2015-06-11,32.147499
2015-06-12,31.7925
2015-06-15,31.73
2015-06-16,31.9
2015-06-17,31.825001
2015-06-18,31.969999
2015-06-19,31.65
2015-06-22,31.9025
2015-06-23,31.7575
2015-06-24,32.0275
2015-06-25,31.875
2015-06-26,31.6875
2015-06-29,31.1325
2015-06-30,31.3575
2015-07-01,31.65
2015-07-02,31.610001
2015-07-06,31.5
2015-07-07,31.422501
2015-07-08,30.6425
2015-07-09,30.0175
2015-07-10,30.82
2015-07-13,31.415001
2015-07-14,31.4025
2015-07-15,31.705
2015-07-16,32.127499
2015-07-17,32.404999
2015-07-20,33.017502
2015-07-21,32.6875
2015-07-22,31.305
2015-07-23,31.290001
2015-07-24,31.125
2015-07-27,30.692499
2015-07-28,30.844999
2015-07-29,30.747499
2015-07-30,30.592501
2015-07-31,30.325001
2015-08-03,29.610001
2015-08-04,28.66
2015-08-05,28.85
2015-08-06,28.782499
2015-08-07,28.879999
2015-08-10,29.93
2015-08-11,28.372499
2015-08-12,28.809999
2015-08-13,28.7875
2015-08-14,28.99
2015-08-17,29.290001
2015-08-18,29.125
2015-08-19,28.752501
2015-08-20,28.1625
2015-08-21,26.440001
2015-08-24,25.780001
2015-08-25,25.934999
2015-08-26,27.422501
2015-08-27,28.23
2015-08-28,28.3225
2015-08-31,28.190001
2015-09-01,26.93
2015-09-02,28.084999
2015-09-03,27.592501
2015-09-04,27.317499
2015-09-08,28.077499
2015-09-09,27.5375
2015-09-10,28.1425
2015-09-11,28.5525
2015-09-14,28.827499
2015-09-15,29.07
2015-09-16,29.102501
2015-09-17,28.48
2015-09-18,28.362499
2015-09-21,28.8025
2015-09-22,28.35
2015-09-23,28.58
2015-09-24,28.75
2015-09-25,28.6775
2015-09-28,28.110001
2015-09-29,27.264999
2015-09-30,27.575001
2015-10-01,27.395
2015-10-02,27.594999
2015-10-05,27.695
2015-10-06,27.827499
2015-10-07,27.695
2015-10-08,27.375
2015-10-09,28.030001
2015-10-12,27.9
2015-10-13,27.9475
2015-10-14,27.5525
2015-10-15,27.965
2015-10-16,27.76
2015-10-19,27.932501
2015-10-20,28.442499
2015-10-21,28.440001
2015-10-22,28.875
2015-10-23,29.77
2015-10-26,28.82
2015-10-27,28.637501
2015-10-28,29.817499
2015-10-29,30.1325
2015-10-30,29.875
2015-11-02,30.295
2015-11-03,30.6425
2015-11-04,30.5
2015-11-05,30.23
2015-11-06,30.264999
2015-11-09,30.1425
2015-11-10,29.192499
2015-11-11,29.0275
2015-11-12,28.93
2015-11-13,28.084999
2015-11-16,28.545
2015-11-17,28.422501
2015-11-18,29.3225
2015-11-19,29.695
2015-11-20,29.825001
2015-11-23,29.4375
2015-11-24,29.719999
2015-11-25,29.5075
2015-11-27,29.452499
2015-11-30,29.575001
2015-12-01,29.334999
2015-12-02,29.07
2015-12-03,28.799999
2015-12-04,29.7575
2015-12-07,29.57
2015-12-08,29.557501
2015-12-09,28.905001
2015-12-10,29.0425
2015-12-11,28.295
2015-12-14,28.120001
2015-12-15,27.622499
2015-12-16,27.834999
2015-12-17,27.245001
2015-12-18,26.5075
2015-12-21,26.8325
2015-12-22,26.807501
2015-12-23,27.1525
2015-12-24,27.0075
2015-12-28,26.705
2015-12-29,27.184999
2015-12-30,26.83
2015-12-31,26.315001
2016-01-04,26.3375
2016-01-05,25.6775
2016-01-06,25.174999
2016-01-07,24.112499
2016-01-08,24.24
2016-01-11,24.6325
2016-01-12,24.99
2016-01-13,24.3475
2016-01-14,24.879999
2016-01-15,24.282499
2016-01-19,24.165001
2016-01-20,24.1975
2016-01-21,24.075001
2016-01-22,25.355
2016-01-25,24.860001
2016-01-26,24.997499
2016-01-27,23.355
2016-01-28,23.522499
2016-01-29,24.334999
2016-02-01,24.1075
2016-02-02,23.620001
2016-02-03,24.0875
2016-02-04,24.15
2016-02-05,23.504999
2016-02-08,23.752501
2016-02-09,23.747499
2016-02-10,23.567499
2016-02-11,23.424999
2016-02-12,23.497499
2016-02-16,24.16
2016-02-17,24.530001
2016-02-18,24.065001
2016-02-19,24.01
2016-02-22,24.219999
2016-02-23,23.672501
2016-02-24,24.025
2016-02-25,24.190001
2016-02-26,24.227501
2016-02-29,24.172501
2016-03-01,25.1325
2016-03-02,25.1875
2016-03-03,25.375
2016-03-04,25.752501
2016-03-07,25.467501
2016-03-08,25.2575
2016-03-09,25.280001
2016-03-10,25.2925
2016-03-11,25.565001
2016-03-14,25.629999
2016-03-15,26.145
2016-03-16,26.4925
2016-03-17,26.450001
2016-03-18,26.48
2016-03-21,26.477501
2016-03-22,26.68
2016-03-23,26.532499
2016-03-24,26.4175
2016-03-28,26.297501
2016-03-29,26.92
2016-03-30,27.389999
2016-03-31,27.247499
2016-04-01,27.497499
2016-04-04,27.780001
2016-04-05,27.452499
2016-04-06,27.74
2016-04-07,27.135
2016-04-08,27.165001
2016-04-11,27.254999
2016-04-12,27.610001
2016-04-13,28.01
2016-04-14,28.025
2016-04-15,27.4625
2016-04-18,26.870001
2016-04-19,26.727501
2016-04-20,26.782499
2016-04-21,26.4925
2016-04-22,26.42
2016-04-25,26.27
2016-04-26,26.0875
2016-04-27,24.455
2016-04-28,23.7075
2016-04-29,23.434999
2016-05-02,23.41
2016-05-03,23.795
2016-05-04,23.547501
2016-05-05,23.309999
2016-05-06,23.18
2016-05-09,23.1975
2016-05-10,23.355
2016-05-11,23.127501
2016-05-12,22.584999
2016-05-13,22.629999
2016-05-16,23.469999
2016-05-17,23.372499
2016-05-18,23.639999
2016-05-19,23.549999
2016-05-20,23.805
2016-05-23,24.1075
2016-05-24,24.475
2016-05-25,24.905001
2016-05-26,25.102501
2016-05-27,25.0875
2016-05-31,24.965
2016-06-01,24.615
2016-06-02,24.43
2016-06-03,24.48
2016-06-06,24.657499
2016-06-07,24.7575
2016-06-08,24.735001
2016-06-09,24.9125
2016-06-10,24.7075
2016-06-13,24.334999
2016-06-14,24.365
2016-06-15,24.285
2016-06-16,24.387501
2016-06-17,23.8325
2016-06-20,23.775
2016-06-21,23.977501
2016-06-22,23.887501
2016-06-23,24.025
2016-06-24,23.35
2016-06-27,23.01
2016-06-28,23.397499
2016-06-29,23.6
2016-06-30,23.9
2016-07-01,23.9725
2016-07-05,23.747499
2016-07-06,23.8825
2016-07-07,23.985001
2016-07-08,24.17
2016-07-11,24.245001
2016-07-12,24.355
2016-07-13,24.217501
2016-07-14,24.6975
2016-07-15,24.695
2016-07-18,24.9575
2016-07-19,24.967501
2016-07-20,24.99
2016-07-21,24.8575
2016-07-22,24.665001
2016-07-25,24.334999
2016-07-26,24.1675
2016-07-27,25.737499
2016-07-28,26.084999
2016-07-29,26.0525
2016-08-01,26.512501
2016-08-02,26.120001
2016-08-03,26.4475
2016-08-04,26.467501
2016-08-05,26.870001
2016-08-08,27.092501
2016-08-09,27.202499
2016-08-10,27
2016-08-11,26.9825
2016-08-12,27.045
2016-08-15,27.370001
2016-08-16,27.344999
2016-08-17,27.305
2016-08-18,27.27
2016-08-19,27.34
2016-08-22,27.127501
2016-08-23,27.2125
2016-08-24,27.0075
2016-08-25,26.8925
2016-08-26,26.735001
2016-08-29,26.705
2016-08-30,26.5
2016-08-31,26.525
2016-09-01,26.682501
2016-09-02,26.932501
2016-09-06,26.924999
2016-09-07,27.09
2016-09-08,26.379999
2016-09-09,25.782499
2016-09-12,26.360001
2016-09-13,26.987499
2016-09-14,27.942499
2016-09-15,28.8925
2016-09-16,28.73
2016-09-19,28.395
2016-09-20,28.3925
2016-09-21,28.387501
2016-09-22,28.655001
2016-09-23,28.1775
2016-09-26,28.219999
2016-09-27,28.272499
2016-09-28,28.487499
2016-09-29,28.045
2016-09-30,28.262501
2016-10-03,28.129999
2016-10-04,28.25
2016-10-05,28.262501
2016-10-06,28.4725
2016-10-07,28.514999
2016-10-10,29.012501
2016-10-11,29.075001
2016-10-12,29.334999
2016-10-13,29.245001
2016-10-14,29.407499
2016-10-17,29.387501
2016-10-18,29.3675
2016-10-19,29.280001
2016-10-20,29.264999
2016-10-21,29.15
2016-10-24,29.4125
2016-10-25,29.5625
2016-10-26,28.897499
2016-10-27,28.620001
2016-10-28,28.43
2016-10-31,28.385
2016-11-01,27.872499
2016-11-02,27.897499
2016-11-03,27.4575
2016-11-04,27.209999
2016-11-07,27.602501
2016-11-08,27.764999
2016-11-09,27.719999
2016-11-10,26.9475
2016-11-11,27.1075
2016-11-14,26.4275
2016-11-15,26.7775
2016-11-16,27.497499
2016-11-17,27.487499
2016-11-18,27.514999
2016-11-21,27.932501
2016-11-22,27.950001
2016-11-23,27.807501
2016-11-25,27.9475
2016-11-28,27.8925
2016-11-29,27.865
2016-11-30,27.629999
2016-12-01,27.372499
2016-12-02,27.475
2016-12-05,27.2775
2016-12-06,27.487499
2016-12-07,27.7575
2016-12-08,28.030001
2016-12-09,28.487499
2016-12-12,28.325001
2016-12-13,28.797501
2016-12-14,28.797501
2016-12-15,28.955
2016-12-16,28.9925
2016-12-19,29.16
2016-12-20,29.237499
2016-12-21,29.264999
2016-12-22,29.0725
2016-12-23,29.129999
2016-12-27,29.315001
2016-12-28,29.190001
2016-12-29,29.182501
2016-12-30,28.955
2017-01-03,29.0375
2017-01-04,29.004999
2017-01-05,29.1525
2017-01-06,29.477501
2017-01-09,29.747499
2017-01-10,29.7775
2017-01-11,29.9375
2017-01-12,29.8125
2017-01-13,29.76
2017-01-17,30
2017-01-18,29.997499
2017-01-19,29.945
2017-01-20,30
2017-01-23,30.02
2017-01-24,29.9925
2017-01-25,30.469999
2017-01-26,30.485001
2017-01-27,30.487499
2017-01-30,30.407499
2017-01-31,30.3375
2017-02-01,32.1875
2017-02-02,32.1325
2017-02-03,32.27
2017-02-06,32.572498
2017-02-07,32.8825
2017-02-08,33.009998
2017-02-09,33.105
2017-02-10,33.029999
2017-02-13,33.322498
2017-02-14,33.755001
2017-02-15,33.877499
2017-02-16,33.837502
2017-02-17,33.93
2017-02-21,34.174999
2017-02-22,34.2775
2017-02-23,34.1325
2017-02-24,34.165001
2017-02-27,34.232498
2017-02-28,34.247501
2017-03-01,34.947498
2017-03-02,34.740002
2017-03-03,34.945
2017-03-06,34.834999
2017-03-07,34.880001
2017-03-08,34.75
2017-03-09,34.669998
2017-03-10,34.785
2017-03-13,34.799999
2017-03-14,34.747501
2017-03-15,35.115002
2017-03-16,35.172501
2017-03-17,34.997501
2017-03-20,35.365002
2017-03-21,34.959999
2017-03-22,35.355
2017-03-23,35.23
2017-03-24,35.16
2017-03-27,35.220001
2017-03-28,35.950001
2017-03-29,36.029999
2017-03-30,35.982498
2017-03-31,35.915001
2017-04-03,35.924999
2017-04-04,36.192501
2017-04-05,36.005001
2017-04-06,35.915001
2017-04-07,35.834999
2017-04-10,35.7925
2017-04-11,35.407501
2017-04-12,35.450001
2017-04-13,35.262501
2017-04-17,35.4575
2017-04-18,35.299999
2017-04-19,35.169998
2017-04-20,35.610001
2017-04-21,35.567501
2017-04-24,35.91
2017-04-25,36.1325
2017-04-26,35.919998
2017-04-27,35.947498
2017-04-28,35.912498
2017-05-01,36.645
2017-05-02,36.877499
2017-05-03,36.764999
2017-05-04,36.6325
2017-05-05,37.240002
2017-05-08,38.252499
2017-05-09,38.497501
2017-05-10,38.314999
2017-05-11,38.487499
2017-05-12,39.025002
2017-05-15,38.924999
2017-05-16,38.8675
2017-05-17,37.5625
2017-05-18,38.134998
2017-05-19,38.264999
2017-05-22,38.497501
2017-05-23,38.450001
2017-05-24,38.334999
2017-05-25,38.467499
2017-05-26,38.4025
2017-05-30,38.4175
2017-05-31,38.189999
2017-06-01,38.294998
2017-06-02,38.862499
2017-06-05,38.482498
2017-06-06,38.612499
2017-06-07,38.842499
2017-06-08,38.747501
2017-06-09,37.244999
2017-06-12,36.355
2017-06-13,36.647499
2017-06-14,36.290001
2017-06-15,36.072498
2017-06-16,35.567501
2017-06-19,36.584999
2017-06-20,36.252499
2017-06-21,36.467499
2017-06-22,36.407501
2017-06-23,36.57
2017-06-26,36.455002
2017-06-27,35.932499
2017-06-28,36.4575
2017-06-29,35.919998
2017-06-30,36.005001
2017-07-03,35.875
2017-07-05,36.022499
2017-07-06,35.682499
2017-07-07,36.044998
2017-07-10,36.264999
2017-07-11,36.3825
2017-07-12,36.435001
2017-07-13,36.942501
2017-07-14,37.259998
2017-07-17,37.389999
2017-07-18,37.52
2017-07-19,37.755001
2017-07-20,37.584999
2017-07-21,37.567501
2017-07-24,38.022499
2017-07-25,38.185001
2017-07-26,38.365002
2017-07-27,37.639999
2017-07-28,37.375
2017-07-31,37.182499
2017-08-01,37.512501
2017-08-02,39.285
2017-08-03,38.892502
2017-08-04,39.0975
2017-08-07,39.702499
2017-08-08,40.02
2017-08-09,40.264999
2017-08-10,38.830002
2017-08-11,39.369999
2017-08-14,39.962502
2017-08-15,40.400002
2017-08-16,40.237499
2017-08-17,39.465
2017-08-18,39.375
2017-08-21,39.302502
2017-08-22,39.945
2017-08-23,39.994999
2017-08-24,39.817501
2017-08-25,39.965
2017-08-28,40.3675
2017-08-29,40.727501
2017-08-30,40.837502
2017-08-31,41
2017-09-01,41.012501
2017-09-05,40.52
2017-09-06,40.477501
2017-09-07,40.314999
2017-09-08,39.657501
2017-09-11,40.375
2017-09-12,40.215
2017-09-13,39.912498
2017-09-14,39.57
2017-09-15,39.970001
2017-09-18,39.6675
2017-09-19,39.682499
2017-09-20,39.017502
2017-09-21,38.3475
2017-09-22,37.9725
2017-09-25,37.637501
2017-09-26,38.285
2017-09-27,38.557499
2017-09-28,38.32
2017-09-29,38.529999
2017-10-02,38.452499
2017-10-03,38.619999
2017-10-04,38.369999
2017-10-05,38.8475
2017-10-06,38.825001
2017-10-09,38.959999
2017-10-10,38.974998
2017-10-11,39.137501
2017-10-12,39
2017-10-13,39.247501
2017-10-16,39.970001
2017-10-17,40.1175
2017-10-18,39.939999
2017-10-19,38.994999
2017-10-20,39.0625
2017-10-23,39.0425
2017-10-24,39.275002
2017-10-25,39.102501
2017-10-26,39.352501
2017-10-27,40.762501
2017-10-30,41.68
2017-10-31,42.259998
2017-11-01,41.7225
2017-11-02,42.0275
2017-11-03,43.125
2017-11-06,43.5625
2017-11-07,43.702499
2017-11-08,44.060001
2017-11-09,43.970001
2017-11-10,43.6675
2017-11-13,43.4925
2017-11-14,42.834999
2017-11-15,42.27
2017-11-16,42.775002
2017-11-17,42.537498
2017-11-20,42.494999
2017-11-21,43.285
2017-11-22,43.740002
2017-11-24,43.7425
2017-11-27,43.522499
2017-11-28,43.267502
2017-11-29,42.369999
2017-11-30,42.962502
2017-12-01,42.762501
2017-12-04,42.450001
2017-12-05,42.41
2017-12-06,42.252499
2017-12-07,42.330002
2017-12-08,42.342499
2017-12-11,43.1675
2017-12-12,42.924999
2017-12-13,43.067501
2017-12-14,43.055
2017-12-15,43.4925
2017-12-18,44.105
2017-12-19,43.634998
2017-12-20,43.587502
2017-12-21,43.752499
2017-12-22,43.752499
2017-12-26,42.642502
2017-12-27,42.650002
2017-12-28,42.77
2017-12-29,42.307499
2018-01-02,43.064999
2018-01-03,43.057499
2018-01-04,43.2575
2018-01-05,43.75
2018-01-08,43.587502
2018-01-09,43.5825
2018-01-10,43.572498
2018-01-11,43.82
2018-01-12,44.272499
2018-01-16,44.047501
2018-01-17,44.775002
2018-01-18,44.814999
2018-01-19,44.615002
2018-01-22,44.25
2018-01-23,44.259998
2018-01-24,43.555
2018-01-25,42.7775
2018-01-26,42.877499
2018-01-29,41.990002
2018-01-30,41.7425
2018-01-31,41.857498
2018-02-01,41.945
2018-02-02,40.125
2018-02-05,39.122501
2018-02-06,40.7575
2018-02-07,39.884998
2018-02-08,38.787498
2018-02-09,39.102501
2018-02-12,40.677502
2018-02-13,41.084999
2018-02-14,41.842499
2018-02-15,43.247501
2018-02-16,43.107498
2018-02-20,42.962502
2018-02-21,42.767502
2018-02-22,43.125
2018-02-23,43.875
2018-02-26,44.7425
2018-02-27,44.5975
2018-02-28,44.529999
2018-03-01,43.75
2018-03-02,44.052502
2018-03-05,44.205002
2018-03-06,44.1675
2018-03-07,43.7575
2018-03-08,44.235001
2018-03-09,44.994999
2018-03-12,45.43
2018-03-13,44.9925
2018-03-14,44.610001
2018-03-15,44.662498
2018-03-16,44.505001
2018-03-19,43.825001
2018-03-20,43.810001
2018-03-21,42.817501
2018-03-22,42.212502
2018-03-23,41.235001
2018-03-26,43.192501
2018-03-27,42.084999
2018-03-28,41.619999
2018-03-29,41.945
2018-04-02,41.669998
2018-04-03,42.0975
2018-04-04,42.9025
2018-04-05,43.200001
2018-04-06,42.095001
2018-04-09,42.512501
2018-04-10,43.3125
2018-04-11,43.110001
2018-04-12,43.535
2018-04-13,43.682499
2018-04-16,43.955002
2018-04-17,44.560001
2018-04-18,44.459999
2018-04-19,43.200001
2018-04-20,41.43
2018-04-23,41.310001
2018-04-24,40.735001
2018-04-25,40.912498
2018-04-26,41.055
2018-04-27,40.580002
2018-04-30,41.314999
2018-05-01,42.275002
2018-05-02,44.142502
2018-05-03,44.2225
2018-05-04,45.9575
2018-05-07,46.290001
2018-05-08,46.512501
2018-05-09,46.84
2018-05-10,47.509998
2018-05-11,47.147499
2018-05-14,47.037498
2018-05-15,46.610001
2018-05-16,47.044998
2018-05-17,46.747501
2018-05-18,46.577499
2018-05-21,46.907501
2018-05-22,46.790001
2018-05-23,47.09
2018-05-24,47.037498
2018-05-25,47.145
2018-05-29,46.974998
2018-05-30,46.875
2018-05-31,46.717499
2018-06-01,47.560001
2018-06-04,47.9575
2018-06-05,48.327499
2018-06-06,48.494999
2018-06-07,48.365002
2018-06-08,47.924999
2018-06-11,47.807499
2018-06-12,48.07
2018-06-13,47.674999
2018-06-14,47.700001
2018-06-15,47.209999
2018-06-18,47.185001
2018-06-19,46.422501
2018-06-20,46.625
2018-06-21,46.365002
2018-06-22,46.23
2018-06-25,45.5425
2018-06-26,46.107498
2018-06-27,46.040001
2018-06-28,46.375
2018-06-29,46.2775
2018-07-02,46.794998
2018-07-03,45.98
2018-07-05,46.349998
2018-07-06,46.9925
2018-07-09,47.645
2018-07-10,47.587502
2018-07-11,46.970001
2018-07-12,47.7575
2018-07-13,47.8325
2018-07-16,47.727501
2018-07-17,47.862499
2018-07-18,47.599998
2018-07-19,47.970001
2018-07-20,47.860001
2018-07-23,47.9025
2018-07-24,48.25
2018-07-25,48.705002
2018-07-26,48.552502
2018-07-27,47.744999
2018-07-30,47.477501
2018-07-31,47.572498
2018-08-01,50.375
2018-08-02,51.8475
2018-08-03,51.997501
2018-08-06,52.267502
2018-08-07,51.7775
2018-08-08,51.8125
2018-08-09,52.220001
2018-08-10,51.8825
2018-08-13,52.217499
2018-08-14,52.4375
2018-08-15,52.560001
2018-08-16,53.330002
2018-08-17,54.395
2018-08-20,53.865002
2018-08-21,53.759998
2018-08-22,53.762501
2018-08-23,53.872501
2018-08-24,54.040001
2018-08-27,54.485001
2018-08-28,54.924999
2018-08-29,55.744999
2018-08-30,56.2575
2018-08-31,56.907501
2018-09-04,57.09
2018-09-05,56.717499
2018-09-06,55.775002
2018-09-07,55.325001
2018-09-10,54.5825
2018-09-11,55.962502
2018-09-12,55.267502
2018-09-13,56.602501
2018-09-14,55.959999
2018-09-17,54.470001
2018-09-18,54.560001
2018-09-19,54.592499
2018-09-20,55.0075
2018-09-21,54.415001
2018-09-24,55.197498
2018-09-25,55.547501
2018-09-26,55.105
2018-09-27,56.237499
2018-09-28,56.435001
2018-10-01,56.814999
2018-10-02,57.32
2018-10-03,58.017502
2018-10-04,56.997501
2018-10-05,56.072498
2018-10-08,55.942501
2018-10-09,56.717499
2018-10-10,54.09
2018-10-11,53.612499
2018-10-12,55.5275
2018-10-15,54.34
2018-10-16,55.537498
2018-10-17,55.297501
2018-10-18,54.005001
2018-10-19,54.827499
2018-10-22,55.162498
2018-10-23,55.682499
2018-10-24,53.772499
2018-10-25,54.950001
2018-10-26,54.075001
2018-10-29,53.060001
2018-10-30,53.325001
2018-10-31,54.715
2018-11-01,55.555
2018-11-02,51.869999
2018-11-05,50.397499
2018-11-06,50.942501
2018-11-07,52.487499
2018-11-08,52.122501
2018-11-09,51.1175
2018-11-12,48.5425
2018-11-13,48.057499
2018-11-14,46.700001
2018-11-15,47.852501
2018-11-16,48.3825
2018-11-19,46.465
2018-11-20,44.244999
2018-11-21,44.195
2018-11-23,43.072498
2018-11-26,43.654999
2018-11-27,43.560001
2018-11-28,45.235001
2018-11-29,44.887501
2018-11-30,44.645
2018-12-03,46.205002
2018-12-04,44.172501
2018-12-06,43.68
2018-12-07,42.122501
2018-12-10,42.400002
2018-12-11,42.157501
2018-12-12,42.275002
2018-12-13,42.737499
2018-12-14,41.369999
2018-12-17,40.985001
2018-12-18,41.517502
2018-12-19,40.2225
2018-12-20,39.2075
2018-12-21,37.682499
2018-12-24,36.7075
2018-12-26,39.2925
2018-12-27,39.037498
2018-12-28,39.057499
2018-12-31,39.435001
2019-01-02,39.48
2019-01-03,35.547501
2019-01-04,37.064999
2019-01-07,36.982498
2019-01-08,37.6875
2019-01-09,38.327499
2019-01-10,38.450001
2019-01-11,38.072498
2019-01-14,37.5
2019-01-15,38.267502
2019-01-16,38.735001
2019-01-17,38.965
2019-01-18,39.205002
2019-01-22,38.325001
2019-01-23,38.48
2019-01-24,38.174999
2019-01-25,39.439999
2019-01-28,39.075001
2019-01-29,38.669998
2019-01-30,41.3125
2019-01-31,41.610001
2019-02-01,41.630001
2019-02-04,42.8125
2019-02-05,43.544998
2019-02-06,43.560001
2019-02-07,42.735001
2019-02-08,42.602501
2019-02-11,42.357498
2019-02-12,42.7225
2019-02-13,42.544998
2019-02-14,42.700001
2019-02-15,42.605
2019-02-19,42.732498
2019-02-20,43.0075
2019-02-21,42.764999
2019-02-22,43.2425
2019-02-25,43.557499
2019-02-26,43.5825
2019-02-27,43.717499
2019-02-28,43.287498
2019-03-01,43.7425
2019-03-04,43.962502
2019-03-05,43.8825
2019-03-06,43.630001
2019-03-07,43.125
2019-03-08,43.227501
2019-03-11,44.724998
2019-03-12,45.227501
2019-03-13,45.427502
2019-03-14,45.932499
2019-03-15,46.529999
2019-03-18,47.005001
2019-03-19,46.6325
2019-03-20,47.040001
2019-03-21,48.772499
2019-03-22,47.762501
2019-03-25,47.185001
2019-03-26,46.697498
2019-03-27,47.1175
2019-03-28,47.18
2019-03-29,47.487499
2019-04-01,47.810001
2019-04-02,48.505001
2019-04-03,48.837502
2019-04-04,48.922501
2019-04-05,49.25
2019-04-08,50.025002
2019-04-09,49.875
2019-04-10,50.154999
2019-04-11,49.737499
2019-04-12,49.717499
2019-04-15,49.807499
2019-04-16,49.8125
2019-04-17,50.782501
2019-04-18,50.965
2019-04-22,51.1325
2019-04-23,51.869999
2019-04-24,51.790001
2019-04-25,51.32
2019-04-26,51.075001
2019-04-29,51.1525
2019-04-30,50.1675
2019-05-01,52.630001
2019-05-02,52.287498
2019-05-03,52.9375
2019-05-06,52.119999
2019-05-07,50.715
2019-05-08,50.724998
2019-05-09,50.18
2019-05-10,49.294998
2019-05-13,46.43
2019-05-14,47.165001
2019-05-15,47.73
2019-05-16,47.52
2019-05-17,47.25
2019-05-20,45.772499
2019-05-21,46.650002
2019-05-22,45.695
2019-05-23,44.915001
2019-05-24,44.7425
2019-05-28,44.557499
2019-05-29,44.345001
2019-05-30,44.575001
2019-05-31,43.767502
2019-06-03,43.325001
2019-06-04,44.91
2019-06-05,45.634998
2019-06-06,46.305
2019-06-07,47.537498
2019-06-10,48.145
2019-06-11,48.702499
2019-06-12,48.547501
2019-06-13,48.537498
2019-06-14,48.185001
2019-06-17,48.4725
2019-06-18,49.612499
2019-06-19,49.467499
2019-06-20,49.865002
2019-06-21,49.695
2019-06-24,49.645
2019-06-25,48.892502
2019-06-26,49.950001
2019-06-27,49.935001
2019-06-28,49.48
2019-07-01,50.387501
2019-07-02,50.682499
2019-07-03,51.102501
2019-07-05,51.057499
2019-07-08,50.005001
2019-07-09,50.310001
2019-07-10,50.807499
2019-07-11,50.4375
2019-07-12,50.825001
2019-07-15,51.302502
2019-07-16,51.125
2019-07-17,50.837502
2019-07-18,51.415001
2019-07-19,50.647499
2019-07-22,51.805
2019-07-23,52.209999
2019-07-24,52.1675
2019-07-25,51.755001
2019-07-26,51.935001
2019-07-29,52.419998
2019-07-30,52.195
2019-07-31,53.259998
2019-08-01,52.107498
2019-08-02,51.005001
2019-08-05,48.334999
2019-08-06,49.25
2019-08-07,49.759998
2019-08-08,50.857498
2019-08-09,50.247501
2019-08-12,50.119999
2019-08-13,52.2425
2019-08-14,50.6875
2019-08-15,50.435001
2019-08-16,51.625
2019-08-19,52.587502
2019-08-20,52.59
2019-08-21,53.16
2019-08-22,53.115002
2019-08-23,50.66
2019-08-26,51.622501
2019-08-27,51.040001
2019-08-28,51.3825
2019-08-29,52.252499
2019-08-30,52.185001
2019-09-03,51.424999
2019-09-04,52.297501
2019-09-05,53.32
2019-09-06,53.314999
2019-09-09,53.5425
2019-09-10,54.174999
2019-09-11,55.897499
2019-09-12,55.772499
2019-09-13,54.6875
2019-09-16,54.974998
2019-09-17,55.174999
2019-09-18,55.692501
2019-09-19,55.240002
2019-09-20,54.432499
2019-09-23,54.68
2019-09-24,54.419998
2019-09-25,55.2575
2019-09-26,54.9725
2019-09-27,54.705002
2019-09-30,55.9925
2019-10-01,56.147499
2019-10-02,54.740002
2019-10-03,55.205002
2019-10-04,56.752499
2019-10-07,56.764999
2019-10-08,56.099998
2019-10-09,56.7575
2019-10-10,57.522499
2019-10-11,59.052502
2019-10-14,58.967499
2019-10-15,58.830002
2019-10-16,58.592499
2019-10-17,58.82
2019-10-18,59.102501
2019-10-21,60.127499
2019-10-22,59.990002
2019-10-23,60.794998
2019-10-24,60.895
2019-10-25,61.645
2019-10-28,62.262501
2019-10-29,60.822498
2019-10-30,60.814999
2019-10-31,62.189999
2019-11-01,63.955002
2019-11-04,64.375
2019-11-05,64.282501
2019-11-06,64.309998
2019-11-07,64.857498
2019-11-08,65.035004
2019-11-11,65.550003
2019-11-12,65.489998
2019-11-13,66.1175
2019-11-14,65.660004
2019-11-15,66.440002
2019-11-18,66.775002
2019-11-19,66.572502
2019-11-20,65.797501
2019-11-21,65.502502
2019-11-22,65.445
2019-11-25,66.592499
2019-11-26,66.072502
2019-11-27,66.959999
2019-11-29,66.8125
2019-12-02,66.040001
2019-12-03,64.862503
2019-12-04,65.434998
2019-12-05,66.394997
2019-12-06,67.677498
2019-12-09,66.730003
2019-12-10,67.120003
2019-12-11,67.692497
2019-12-12,67.864998
2019-12-13,68.787498
2019-12-16,69.964996
2019-12-17,70.102501
2019-12-18,69.934998
2019-12-19,70.004997
2019-12-20,69.860001
2019-12-23,71
2019-12-24,71.067497
2019-12-26,72.477501
2019-12-27,72.449997
2019-12-30,72.879997
2019-12-31,73.412498
2020-01-02,75.087502
2020-01-03,74.357498
2020-01-06,74.949997
2020-01-07,74.597504
2020-01-08,75.797501
2020-01-09,77.407501
2020-01-10,77.582497
2020-01-13,79.239998
2020-01-14,78.169998
2020-01-15,77.834999
2020-01-16,78.809998
2020-01-17,79.682503
2020-01-21,79.142502
2020-01-22,79.425003
2020-01-23,79.807503
2020-01-24,79.577499
2020-01-27,77.237503
2020-01-28,79.422501
2020-01-29,81.084999
2020-01-30,80.967499
2020-01-31,77.377502
2020-02-03,77.165001
2020-02-04,79.712502
2020-02-05,80.362503
2020-02-06,81.302498
2020-02-07,80.0075
2020-02-10,80.387497
2020-02-11,79.902496
2020-02-12,81.800003
2020-02-13,81.217499
2020-02-14,81.237503
2020-02-18,79.75
2020-02-19,80.904999
2020-02-20,80.074997
2020-02-21,78.262497
2020-02-24,74.544998
2020-02-25,72.019997
2020-02-26,73.162498
2020-02-27,68.379997
2020-02-28,68.339996
2020-03-02,74.702499
2020-03-03,72.330002
2020-03-04,75.684998
2020-03-05,73.230003
2020-03-06,72.2575
2020-03-09,66.542503
2020-03-10,71.334999
2020-03-11,68.857498
2020-03-12,62.057499
2020-03-13,69.4925
2020-03-16,60.552502
2020-03-17,63.215
2020-03-18,61.6675
2020-03-19,61.195
2020-03-20,57.310001
2020-03-23,56.092499
2020-03-24,61.720001
2020-03-25,61.380001
2020-03-26,64.610001
2020-03-27,61.935001
2020-03-30,63.702499
2020-03-31,63.572498
2020-04-01,60.227501
2020-04-02,61.232498
2020-04-03,60.352501
2020-04-06,65.6175
2020-04-07,64.857498
2020-04-08,66.517502
2020-04-09,66.997498
2020-04-13,68.3125
2020-04-14,71.762497
2020-04-15,71.107498
2020-04-16,71.672501
2020-04-17,70.699997
2020-04-20,69.232498
2020-04-21,67.092499
2020-04-22,69.025002
2020-04-23,68.7575
2020-04-24,70.7425
2020-04-27,70.792503
2020-04-28,69.644997
2020-04-29,71.932503
2020-04-30,73.449997
2020-05-01,72.267502
2020-05-04,73.290001
2020-05-05,74.389999
2020-05-06,75.157501
2020-05-07,75.934998
2020-05-08,77.532501
2020-05-11,78.752502
2020-05-12,77.852501
2020-05-13,76.912498
2020-05-14,77.385002
2020-05-15,76.927498
2020-05-18,78.739998
2020-05-19,78.285004
2020-05-20,79.807503
2020-05-21,79.212502
2020-05-22,79.722504
2020-05-26,79.182503
2020-05-27,79.527496
2020-05-28,79.5625
2020-05-29,79.485001
2020-06-01,80.462502
2020-06-02,80.834999
2020-06-03,81.279999
2020-06-04,80.580002
2020-06-05,82.875
2020-06-08,83.364998
2020-06-09,85.997498
2020-06-10,88.209999
2020-06-11,83.974998
2020-06-12,84.699997
2020-06-15,85.747498
2020-06-16,88.019997
2020-06-17,87.897499
2020-06-18,87.932503
2020-06-19,87.43
2020-06-22,89.717499
2020-06-23,91.6325
2020-06-24,90.014999
2020-06-25,91.209999
2020-06-26,88.407501
2020-06-29,90.445
2020-06-30,91.199997
2020-07-01,91.027496
2020-07-02,91.027496
2020-07-06,93.462502
2020-07-07,93.172501
2020-07-08,95.342499
2020-07-09,95.752502
2020-07-10,95.919998
2020-07-13,95.477501
2020-07-14,97.057503
2020-07-15,97.724998
2020-07-16,96.522499
2020-07-17,96.327499
2020-07-20,98.357498
2020-07-21,97
2020-07-22,97.272499
2020-07-23,92.845001
2020-07-24,92.614998
2020-07-27,94.809998
2020-07-28,93.252502
2020-07-29,95.040001
2020-07-30,96.190002
2020-07-31,106.260002
2020-08-03,108.9375
2020-08-04,109.665001
2020-08-05,110.0625
2020-08-06,113.902496
2020-08-07,111.112503
2020-08-10,112.727501
2020-08-11,109.375
2020-08-12,113.010002
2020-08-13,115.010002
2020-08-14,114.907501
2020-08-17,114.607498
2020-08-18,115.5625
2020-08-19,115.707497
2020-08-20,118.275002
2020-08-21,124.370003
2020-08-24,125.857498
2020-08-25,124.824997
2020-08-26,126.522499
2020-08-27,125.010002
2020-08-28,124.807503
2020-08-31,129.039993
2020-09-01,134.179993
2020-09-02,131.399994
2020-09-03,120.879997
2020-09-04,120.959999
2020-09-08,112.82
2020-09-09,117.32
2020-09-10,113.489998
2020-09-11,112
2020-09-14,115.360001
2020-09-15,115.540001
2020-09-16,112.129997
2020-09-17,110.339996
2020-09-18,106.839996
2020-09-21,110.080002
2020-09-22,111.809998
2020-09-23,107.120003
2020-09-24,108.220001
2020-09-25,112.279999
2020-09-28,114.959999
2020-09-29,114.089996
2020-09-30,115.809998
2020-10-01,116.790001
2020-10-02,113.019997
2020-10-05,116.5
2020-10-06,113.160004
2020-10-07,115.080002
2020-10-08,114.970001
2020-10-09,116.970001
2020-10-12,124.400002
2020-10-13,121.099998
2020-10-14,121.190002
2020-10-15,120.709999
2020-10-16,119.019997
2020-10-19,115.980003
2020-10-20,117.510002
2020-10-21,116.870003
2020-10-22,115.75
2020-10-23,115.040001
2020-10-26,115.050003
2020-10-27,116.599998
2020-10-28,111.199997
2020-10-29,115.32
2020-10-30,108.860001
2020-11-02,108.769997
2020-11-03,110.440002
2020-11-04,114.949997
2020-11-05,119.029999
2020-11-06,118.690002
2020-11-09,116.32
2020-11-10,115.970001
2020-11-11,119.489998
2020-11-12,119.209999
2020-11-13,119.260002
2020-11-16,120.300003
2020-11-17,119.389999
2020-11-18,118.029999
2020-11-19,118.639999
2020-11-20,117.339996
2020-11-23,113.849998
2020-11-24,115.169998
2020-11-25,116.029999
2020-11-27,116.589996
2020-11-30,119.050003
2020-12-01,122.720001
2020-12-02,123.080002
2020-12-03,122.940002
2020-12-04,122.25
2020-12-07,123.75
2020-12-08,124.379997
2020-12-09,121.779999
2020-12-10,123.239998
2020-12-11,122.410004
2020-12-14,121.779999
2020-12-15,127.879997
2020-12-16,127.809998
2020-12-17,128.699997
2020-12-18,126.660004
2020-12-21,128.229996
2020-12-22,131.880005
2020-12-23,130.960007
2020-12-24,131.970001
2020-12-28,136.690002
2020-12-29,134.869995
2020-12-30,133.720001
2020-12-31,132.690002
2021-01-04,129.410004
2021-01-05,131.009995
2021-01-06,126.599998
2021-01-07,130.919998
2021-01-08,132.050003
2021-01-11,128.979996
2021-01-12,128.800003
2021-01-13,130.889999
2021-01-14,128.910004
2021-01-15,127.139999
2021-01-19,127.830002
2021-01-20,132.029999
2021-01-21,136.869995
2021-01-22,139.070007
2021-01-25,142.919998
2021-01-26,143.160004
2021-01-27,142.059998
2021-01-28,137.089996
2021-01-29,131.960007
2021-02-01,134.139999
2021-02-02,134.990005
2021-02-03,133.940002
2021-02-04,137.389999
2021-02-05,136.759995
2021-02-08,136.910004
2021-02-09,136.009995
2021-02-10,135.389999
2021-02-11,135.130005
2021-02-12,135.369995
2021-02-16,133.190002
2021-02-17,130.839996
2021-02-18,129.710007
2021-02-19,129.869995
2021-02-22,126
2021-02-23,125.860001
2021-02-24,125.349998
2021-02-25,120.989998
2021-02-26,121.260002
2021-03-01,127.790001
2021-03-02,125.120003
2021-03-03,122.059998
2021-03-04,120.129997
2021-03-05,121.419998
2021-03-08,116.360001
2021-03-09,121.089996
2021-03-10,119.980003
2021-03-11,121.959999
2021-03-12,121.029999
2021-03-15,123.989998
2021-03-16,125.57
2021-03-17,124.760002
2021-03-18,120.529999
2021-03-19,119.989998
2021-03-22,123.389999
2021-03-23,122.540001
2021-03-24,120.089996
2021-03-25,120.589996
2021-03-26,121.209999
2021-03-29,121.389999
2021-03-30,119.900002
2021-03-31,122.150002
2021-04-01,123
2021-04-05,125.900002
2021-04-06,126.209999
2021-04-07,127.900002
2021-04-08,130.360001
2021-04-09,133
2021-04-12,131.240005
2021-04-13,134.429993
2021-04-14,132.029999
2021-04-15,134.5
2021-04-16,134.160004
2021-04-19,134.839996
2021-04-20,133.110001
2021-04-21,133.5
2021-04-22,131.940002
2021-04-23,134.320007
2021-04-26,134.720001
2021-04-27,134.389999
2021-04-28,133.580002
2021-04-29,133.479996
2021-04-30,131.460007
2021-05-03,132.539993
2021-05-04,127.849998
2021-05-05,128.100006
2021-05-06,129.740005
2021-05-07,130.210007
2021-05-10,126.849998
2021-05-11,125.910004
2021-05-12,122.769997
2021-05-13,124.970001
2021-05-14,127.449997
2021-05-17,126.269997
2021-05-18,124.849998
2021-05-19,124.690002
2021-05-20,127.309998
2021-05-21,125.43
2021-05-24,127.099998
2021-05-25,126.900002
2021-05-26,126.849998
2021-05-27,125.279999
2021-05-28,124.610001
2021-06-01,124.279999
2021-06-02,125.059998
2021-06-03,123.540001
2021-06-04,125.889999
2021-06-07,125.900002
2021-06-08,126.739998
2021-06-09,127.129997
2021-06-10,126.110001
2021-06-11,127.349998
2021-06-14,130.479996
2021-06-15,129.639999
2021-06-16,130.149994
2021-06-17,131.789993
2021-06-18,130.460007
2021-06-21,132.300003
2021-06-22,133.979996
2021-06-23,133.699997
2021-06-24,133.410004
2021-06-25,133.110001
2021-06-28,134.779999
2021-06-29,136.330002
2021-06-30,136.960007
2021-07-01,137.270004
2021-07-02,139.960007
2021-07-06,142.020004
2021-07-07,144.570007
2021-07-08,143.240005
2021-07-09,145.110001
2021-07-12,144.5
2021-07-13,145.639999
2021-07-14,149.149994
2021-07-15,148.479996
2021-07-16,146.389999
2021-07-19,142.449997
2021-07-20,146.149994
2021-07-21,145.399994
2021-07-22,146.800003
2021-07-23,148.559998
2021-07-26,148.990005
2021-07-27,146.770004
2021-07-28,144.979996
2021-07-29,145.639999
2021-07-30,145.860001
2021-08-02,145.520004
2021-08-03,147.360001
2021-08-04,146.949997
2021-08-05,147.059998
2021-08-06,146.139999
2021-08-09,146.089996
2021-08-10,145.600006
2021-08-11,145.860001
2021-08-12,148.889999
2021-08-13,149.100006
2021-08-16,151.119995
2021-08-17,150.190002
2021-08-18,146.360001
2021-08-19,146.699997
2021-08-20,148.190002
2021-08-23,149.710007
2021-08-24,149.619995
2021-08-25,148.360001
2021-08-26,147.539993
2021-08-27,148.600006
2021-08-30,153.119995
2021-08-31,151.830002
2021-09-01,152.509995
2021-09-02,153.649994
2021-09-03,154.300003
2021-09-07,156.690002
2021-09-08,155.110001
2021-09-09,154.070007
2021-09-10,148.970001
2021-09-13,149.550003
2021-09-14,148.119995
2021-09-15,149.029999
2021-09-16,148.789993
2021-09-17,146.059998
2021-09-20,142.940002
2021-09-21,143.429993
2021-09-22,145.850006
2021-09-23,146.830002
2021-09-24,146.919998
2021-09-27,145.369995
2021-09-28,141.910004
2021-09-29,142.830002
2021-09-30,141.5
2021-10-01,142.649994
2021-10-04,139.139999
2021-10-05,141.110001
2021-10-06,142
2021-10-07,143.289993
2021-10-08,142.899994
2021-10-11,142.809998
2021-10-12,141.509995
2021-10-13,140.910004
2021-10-14,143.759995
2021-10-15,144.839996
2021-10-18,146.550003
2021-10-19,148.759995
2021-10-20,149.259995
2021-10-21,149.479996
2021-10-22,148.690002
2021-10-25,148.639999
2021-10-26,149.320007
2021-10-27,148.850006
2021-10-28,152.570007
2021-10-29,149.800003
2021-11-01,148.960007
2021-11-02,150.020004
2021-11-03,151.490005
2021-11-04,150.960007
2021-11-05,151.279999
2021-11-08,150.440002
2021-11-09,150.809998
2021-11-10,147.919998
2021-11-11,147.869995
2021-11-12,149.990005
2021-11-15,150
2021-11-16,151
2021-11-17,153.490005
2021-11-18,157.869995
2021-11-19,160.550003
2021-11-22,161.020004
2021-11-23,161.410004
2021-11-24,161.940002
2021-11-26,156.809998
2021-11-29,160.240005
2021-11-30,165.300003
2021-12-01,164.770004
2021-12-02,163.759995
2021-12-03,161.839996
2021-12-06,165.320007
2021-12-07,171.179993
2021-12-08,175.080002
2021-12-09,174.559998
2021-12-10,179.449997
2021-12-13,175.740005
2021-12-14,174.330002
2021-12-15,179.300003
2021-12-16,172.259995
2021-12-17,171.139999
2021-12-20,169.75
2021-12-21,172.990005
2021-12-22,175.639999
2021-12-23,176.279999
2021-12-27,180.330002
2021-12-28,179.289993
2021-12-29,179.380005
2021-12-30,178.199997
2021-12-31,177.570007
2022-01-03,182.009995
2022-01-04,179.699997
2022-01-05,174.919998
2022-01-06,172
2022-01-07,172.169998
2022-01-10,172.190002
2022-01-11,175.080002
2022-01-12,175.529999
2022-01-13,172.190002
2022-01-14,173.070007
2022-01-18,169.800003
2022-01-19,166.229996
2022-01-20,164.509995
2022-01-21,162.410004
2022-01-24,161.619995
2022-01-25,159.779999
2022-01-26,159.690002
2022-01-27,159.220001
2022-01-28,170.330002
2022-01-31,174.779999
2022-02-01,174.610001
2022-02-02,175.839996
2022-02-03,172.899994
2022-02-04,172.389999
2022-02-07,171.660004
2022-02-08,174.830002
2022-02-09,176.279999
2022-02-10,172.119995
2022-02-11,168.639999
2022-02-14,168.880005
2022-02-15,172.789993
2022-02-16,172.550003
2022-02-17,168.880005
2022-02-18,167.300003
2022-02-22,164.320007
2022-02-23,160.070007
2022-02-24,162.740005
2022-02-25,164.850006
2022-02-28,165.119995
2022-03-01,163.199997
2022-03-02,166.559998
2022-03-03,166.229996
2022-03-04,163.169998
2022-03-07,159.300003
2022-03-08,157.440002
2022-03-09,162.949997
2022-03-10,158.520004
2022-03-11,154.729996
2022-03-14,150.619995
2022-03-15,155.089996
2022-03-16,159.589996
2022-03-17,160.619995
2022-03-18,163.979996
2022-03-21,165.380005
2022-03-22,168.820007
2022-03-23,170.210007
2022-03-24,174.070007
2022-03-25,174.720001
2022-03-28,175.600006
2022-03-29,178.960007
2022-03-30,177.770004
2022-03-31,174.610001
2022-04-01,174.309998
2022-04-04,178.440002
2022-04-05,175.059998
2022-04-06,171.830002
2022-04-07,172.139999
2022-04-08,170.089996
2022-04-11,165.75
2022-04-12,167.660004
2022-04-13,170.399994
2022-04-14,165.289993
2022-04-18,165.070007
2022-04-19,167.399994
2022-04-20,167.229996
2022-04-21,166.419998
2022-04-22,161.789993
2022-04-25,162.880005
2022-04-26,156.800003
2022-04-27,156.570007
2022-04-28,163.639999
2022-04-29,157.649994
2022-05-02,157.960007
2022-05-03,159.479996
2022-05-04,166.020004
2022-05-05,156.770004
2022-05-06,157.279999
2022-05-09,152.059998
2022-05-10,154.509995
2022-05-11,146.5
2022-05-12,142.559998
2022-05-13,147.110001
2022-05-16,145.539993
2022-05-17,149.240005
2022-05-18,140.820007
2022-05-19,137.350006
2022-05-20,137.589996
2022-05-23,143.110001
2022-05-24,140.360001
2022-05-25,140.520004
2022-05-26,143.779999
2022-05-27,149.639999
2022-05-31,148.839996
2022-06-01,148.710007
2022-06-02,151.210007
2022-06-03,145.380005
2022-06-06,146.139999
2022-06-07,148.710007
2022-06-08,147.960007
2022-06-09,142.639999
2022-06-10,137.130005
2022-06-13,131.880005
2022-06-14,132.759995
2022-06-15,135.429993
2022-06-16,130.059998
2022-06-17,131.559998
2022-06-21,135.869995
2022-06-22,135.350006
2022-06-23,138.270004
2022-06-24,141.660004
2022-06-27,141.660004
2022-06-28,137.440002
2022-06-29,139.229996
2022-06-30,136.720001
2022-07-01,138.929993
2022-07-05,141.559998
2022-07-06,142.919998
2022-07-07,146.350006
2022-07-08,147.039993
2022-07-11,144.869995
2022-07-12,145.860001
2022-07-13,145.490005
2022-07-14,148.470001
2022-07-15,150.169998
2022-07-18,147.070007
2022-07-19,151
2022-07-20,153.039993
2022-07-21,155.350006
2022-07-22,154.089996
2022-07-25,152.949997
2022-07-26,151.600006
2022-07-27,156.789993
2022-07-28,157.350006
2022-07-29,162.509995
2022-08-01,161.509995
2022-08-02,160.009995
2022-08-03,166.130005
2022-08-04,165.809998
2022-08-05,165.350006
2022-08-08,164.869995
2022-08-09,164.919998
2022-08-10,169.240005
2022-08-11,168.490005
2022-08-12,172.100006
2022-08-15,173.190002
2022-08-16,173.029999
2022-08-17,174.550003
2022-08-18,174.149994
2022-08-19,171.520004
2022-08-22,167.570007
2022-08-23,167.229996
2022-08-24,167.529999
2022-08-25,170.029999
2022-08-26,163.619995
2022-08-29,161.380005
2022-08-30,158.910004
2022-08-31,157.220001
2022-09-01,157.960007
2022-09-02,155.809998
2022-09-06,154.529999
2022-09-07,155.960007
2022-09-08,154.460007
2022-09-09,157.369995
2022-09-12,163.429993
2022-09-13,153.839996
2022-09-14,155.309998
2022-09-15,152.369995
2022-09-16,150.699997
2022-09-19,154.479996
2022-09-20,156.899994
2022-09-21,153.720001
2022-09-22,152.740005
2022-09-23,150.429993
2022-09-26,150.770004
2022-09-27,151.759995
2022-09-28,149.839996
2022-09-29,142.479996
2022-09-30,138.199997
2022-10-03,142.449997
2022-10-04,146.100006
2022-10-05,146.399994
2022-10-06,145.429993
2022-10-07,140.089996
2022-10-10,140.419998
2022-10-11,138.979996
2022-10-12,138.339996
2022-10-13,142.990005
2022-10-14,138.380005
2022-10-17,142.410004
2022-10-18,143.75
2022-10-19,143.860001
2022-10-20,143.389999
2022-10-21,147.270004
2022-10-24,149.449997
2022-10-25,152.339996
2022-10-26,149.350006
2022-10-27,144.800003
2022-10-28,155.740005
2022-10-31,153.339996
2022-11-01,150.649994
2022-11-02,145.029999
2022-11-03,138.880005
2022-11-04,138.380005
2022-11-07,138.919998
2022-11-08,139.5
2022-11-09,134.869995
2022-11-10,146.869995
2022-11-11,149.699997
2022-11-14,148.279999
2022-11-15,150.039993
2022-11-16,148.789993
2022-11-17,150.720001
2022-11-18,151.289993
2022-11-21,148.009995
2022-11-22,150.179993
2022-11-23,151.070007
2022-11-25,148.110001
2022-11-28,144.220001
2022-11-29,141.169998
2022-11-30,148.029999
2022-12-01,148.309998
2022-12-02,147.809998
2022-12-05,146.630005
2022-12-06,142.910004
2022-12-07,140.940002
2022-12-08,142.649994
2022-12-09,142.160004
2022-12-12,144.490005
2022-12-13,145.470001
2022-12-14,143.210007
2022-12-15,136.5
2022-12-16,134.509995
2022-12-19,132.369995
2022-12-20,132.300003
2022-12-21,135.449997
2022-12-22,132.229996
2022-12-23,131.860001
2022-12-27,130.029999
2022-12-28,126.040001
2022-12-29,129.610001
2022-12-30,129.929993
2023-01-03,125.07
2023-01-04,126.360001
2023-01-05,125.019997
2023-01-06,129.619995
2023-01-09,130.149994
2023-01-10,130.729996
2023-01-11,133.490005
2023-01-12,133.410004
2023-01-13,134.759995
2023-01-17,135.940002
2023-01-18,135.210007
2023-01-19,135.270004
2023-01-20,137.869995
2023-01-23,141.110001
2023-01-24,142.529999
2023-01-25,141.860001
2023-01-26,143.960007
2023-01-27,145.929993
2023-01-30,143
2023-01-31,144.289993
2023-02-01,145.429993
2023-02-02,150.820007
2023-02-03,154.5
2023-02-06,151.729996
2023-02-07,154.649994
2023-02-08,151.919998
2023-02-09,150.869995
2023-02-10,151.009995
2023-02-13,153.850006
2023-02-14,153.199997
2023-02-15,155.330002
2023-02-16,153.710007
2023-02-17,152.550003
2023-02-21,148.479996
2023-02-22,148.910004
2023-02-23,149.399994
2023-02-24,146.710007
2023-02-27,147.919998
2023-02-28,147.410004
2023-03-01,145.309998
2023-03-02,145.910004
2023-03-03,151.029999
2023-03-06,153.830002
2023-03-07,151.600006
2023-03-08,152.869995
2023-03-09,150.589996
2023-03-10,148.5
2023-03-13,150.470001
2023-03-14,152.589996
2023-03-15,152.990005
2023-03-16,155.850006
2023-03-17,155
2023-03-20,157.399994
2023-03-21,159.279999
2023-03-22,157.830002
2023-03-23,158.929993
2023-03-24,160.25
2023-03-27,158.279999
2023-03-28,157.649994
2023-03-29,160.770004
2023-03-30,162.360001
2023-03-31,164.899994
2023-04-03,166.169998
2023-04-04,165.630005
2023-04-05,163.759995
2023-04-06,164.660004
2023-04-10,162.029999
2023-04-11,160.800003
2023-04-12,160.100006
2023-04-13,165.559998
2023-04-14,165.210007
2023-04-17,165.229996
2023-04-18,166.470001
2023-04-19,167.630005
2023-04-20,166.649994
2023-04-21,165.020004
2023-04-24,165.330002
2023-04-25,163.770004
2023-04-26,163.759995
2023-04-27,168.410004
2023-04-28,169.679993
2023-05-01,169.589996
2023-05-02,168.539993
2023-05-03,167.449997
2023-05-04,165.789993
2023-05-05,173.570007
2023-05-08,173.5
2023-05-09,171.770004
2023-05-10,173.559998
2023-05-11,173.75
2023-05-12,172.570007
2023-05-15,172.070007
2023-05-16,172.070007
2023-05-17,172.690002
2023-05-18,175.050003
2023-05-19,175.160004
2023-05-22,174.199997
2023-05-23,171.559998
2023-05-24,171.839996
2023-05-25,172.990005
2023-05-26,175.429993
2023-05-30,177.300003
2023-05-31,177.25
2023-06-01,180.089996
2023-06-02,180.949997
2023-06-05,179.580002
2023-06-06,179.210007
2023-06-07,177.820007
2023-06-08,180.570007
2023-06-09,180.960007
2023-06-12,183.789993
2023-06-13,183.309998
2023-06-14,183.949997
2023-06-15,186.009995
2023-06-16,184.919998
2023-06-20,185.009995
2023-06-21,183.960007
2023-06-22,187
2023-06-23,186.679993
2023-06-26,185.270004
2023-06-27,188.059998
2023-06-28,189.25
2023-06-29,189.589996
2023-06-30,193.970001
2023-07-03,192.460007
2023-07-05,191.330002
2023-07-06,191.809998
2023-07-07,190.679993
2023-07-10,188.610001
2023-07-11,188.080002
2023-07-12,189.770004
2023-07-13,190.539993
2023-07-14,190.690002
2023-07-17,193.990005
2023-07-18,193.729996
2023-07-19,195.100006
2023-07-20,193.130005
2023-07-21,191.940002
2023-07-24,192.75
2023-07-25,193.619995
2023-07-26,194.5
2023-07-27,193.220001
2023-07-28,195.830002
2023-07-31,196.449997
2023-08-01,195.610001
2023-08-02,192.580002
2023-08-03,191.169998
2023-08-04,181.990005
2023-08-07,178.850006
2023-08-08,179.800003
2023-08-09,178.190002
2023-08-10,177.970001
2023-08-11,177.789993
2023-08-14,179.460007
2023-08-15,177.449997
2023-08-16,176.570007
2023-08-17,174
2023-08-18,174.490005
2023-08-21,175.839996
2023-08-22,177.229996
2023-08-23,181.119995
2023-08-24,176.380005
2023-08-25,178.610001
2023-08-28,180.190002
2023-08-29,184.119995
2023-08-30,187.649994
2023-08-31,187.869995
2023-09-01,189.460007
2023-09-05,189.699997
2023-09-06,182.910004
2023-09-07,177.559998
2023-09-08,178.179993
2023-09-11,179.360001
2023-09-12,176.300003
2023-09-13,174.210007
2023-09-14,175.740005
2023-09-15,175.009995
2023-09-18,177.970001
2023-09-19,179.070007
2023-09-20,175.490005
2023-09-21,173.929993
2023-09-22,174.789993
2023-09-25,176.080002
2023-09-26,171.960007
2023-09-27,170.429993
2023-09-28,170.690002
2023-09-29,171.210007
2023-10-02,173.75
2023-10-03,172.399994
2023-10-04,173.660004
2023-10-05,174.910004
2023-10-06,177.490005
2023-10-09,178.990005
2023-10-10,178.389999
2023-10-11,179.800003
2023-10-12,180.710007
2023-10-13,178.850006
2023-10-16,178.720001
2023-10-17,177.149994
2023-10-18,175.839996
2023-10-19,175.460007
2023-10-20,172.880005
2023-10-23,173
2023-10-24,173.440002
2023-10-25,171.100006
2023-10-26,166.889999
2023-10-27,168.220001
2023-10-30,170.289993
2023-10-31,170.770004
2023-11-01,173.970001
2023-11-02,177.570007
2023-11-03,176.649994
2023-11-06,179.229996
2023-11-07,181.820007
2023-11-08,182.889999
2023-11-09,182.410004
2023-11-10,186.399994
2023-11-13,184.800003
2023-11-14,187.440002
2023-11-15,188.009995
2023-11-16,189.710007
2023-11-17,189.690002
2023-11-20,191.449997
2023-11-21,190.639999
2023-11-22,191.309998
2023-11-24,189.970001
2023-11-27,189.789993
2023-11-28,190.399994
2023-11-29,189.369995
2023-11-30,189.949997
2023-12-01,191.240005
2023-12-04,189.429993
2023-12-05,193.419998
2023-12-06,192.320007
2023-12-07,194.270004
2023-12-08,195.710007
2023-12-11,193.179993
2023-12-12,194.710007
2023-12-13,197.960007
2023-12-14,198.110001
2023-12-15,197.570007
2023-12-18,195.889999
2023-12-19,196.940002
2023-12-20,194.830002
2023-12-21,194.679993
2023-12-22,193.600006
2023-12-26,193.050003
2023-12-27,193.149994
2023-12-28,193.580002
2023-12-29,192.529999
2024-01-02,185.639999
2024-01-03,184.25
2024-01-04,181.910004
2024-01-05,181.179993
2024-01-08,185.559998
2024-01-09,185.139999
2024-01-10,186.190002
2024-01-11,185.589996
2024-01-12,185.919998
2024-01-16,183.630005
2024-01-17,182.679993
2024-01-18,188.630005
2024-01-19,191.559998
2024-01-22,193.889999
2024-01-23,195.179993
2024-01-24,194.5
2024-01-25,194.169998
2024-01-26,192.419998
2024-01-29,191.729996
2024-01-30,188.039993
2024-01-31,184.399994
2024-02-01,186.860001
2024-02-02,185.850006
2024-02-05,187.679993
2024-02-06,189.300003
2024-02-07,189.410004
2024-02-08,188.320007
2024-02-09,188.850006
2024-02-12,187.149994
2024-02-13,185.039993
2024-02-14,184.149994
2024-02-15,183.860001
2024-02-16,182.309998
2024-02-20,181.559998
2024-02-21,182.320007
2024-02-22,184.369995
2024-02-23,182.520004
2024-02-26,181.160004
2024-02-27,182.630005
2024-02-28,181.419998
2024-02-29,180.75
2024-03-01,179.660004
2024-03-04,175.100006
2024-03-05,170.119995
2024-03-06,169.119995
2024-03-07,169
2024-03-08,170.729996
2024-03-11,172.75
2024-03-12,173.229996
2024-03-13,171.130005
2024-03-14,173
2024-03-15,172.619995
2024-03-18,173.720001
2024-03-19,176.080002
2024-03-20,178.669998
2024-03-21,171.369995
2024-03-22,172.279999
2024-03-25,170.850006
2024-03-26,169.710007
2024-03-27,173.309998
2024-03-28,171.479996
2024-04-01,170.029999
2024-04-02,168.839996
2024-04-03,169.649994
2024-04-04,168.820007
2024-04-05,169.580002
2024-04-08,168.449997
2024-04-09,169.669998
2024-04-10,167.779999
2024-04-11,175.039993
2024-04-12,176.550003
2024-04-15,172.690002
2024-04-16,169.380005
2024-04-17,168
2024-04-18,167.039993
2024-04-19,165
2024-04-22,165.839996
2024-04-23,166.899994
2024-04-24,169.020004
2024-04-25,169.889999
2024-04-26,169.300003
2024-04-29,173.5
2024-04-30,170.330002
2024-05-01,169.300003
2024-05-02,173.029999
2024-05-03,183.380005
2024-05-06,181.710007
2024-05-07,182.399994
2024-05-08,182.740005
2024-05-09,184.570007
2024-05-10,183.050003
2024-05-13,186.279999
2024-05-14,187.429993
2024-05-15,189.720001
2024-05-16,189.839996
2024-05-17,189.869995
2024-05-20,191.039993
2024-05-21,192.350006
2024-05-22,190.899994
2024-05-23,186.880005
2024-05-24,189.979996
2024-05-28,189.990005
2024-05-29,190.289993
2024-05-30,191.289993
2024-05-31,192.25
2024-06-03,194.029999
2024-06-04,194.350006
2024-06-05,195.869995
2024-06-06,194.479996
2024-06-07,196.889999
2024-06-10,193.119995
2024-06-11,207.149994
2024-06-12,213.070007
2024-06-13,214.240005
2024-06-14,212.490005
2024-06-17,216.669998
2024-06-18,214.289993
2024-06-20,209.679993
2024-06-21,207.490005
2024-06-24,208.139999
2024-06-25,209.070007
2024-06-26,213.25
2024-06-27,214.100006
2024-06-28,210.619995
2024-07-01,216.75
2024-07-02,220.270004
2024-07-03,221.550003
2024-07-05,226.339996
2024-07-08,227.820007
